Date,Open,High,Low,Close,Avg (HLC3),Log Avg,Change,Change (%)
1985-01-01,167.1999969482422,180.27000427246094,163.36000061035156,179.6300048828125,174.42000325520834,5.1614662024618845,,
1985-02-01,179.6300048828125,183.9499969482422,177.75,181.17999267578125,180.95999654134116,5.198275993254974,1.54998779296875,0.8628779996860514
1985-03-01,181.17999267578125,183.88999938964844,176.52999877929688,180.66000366210938,180.36000061035156,5.194954856936957,-0.519989013671875,-0.28700134379759934
1985-04-01,180.66000366210938,183.61000061035156,177.86000061035156,179.8300018310547,180.43333435058594,5.195361370772654,-0.8300018310546875,-0.4594275513284285
1985-05-01,179.8300018310547,189.97999572753906,178.35000610351562,189.5500030517578,185.96000162760416,5.225531605574826,9.720001220703125,5.405105444993996
1985-06-01,189.5500030517578,191.85000610351562,185.02999877929688,191.85000610351562,189.57667032877603,5.244793535460889,2.3000030517578125,1.2134017487352766
1985-07-01,191.85000610351562,196.07000732421875,189.3000030517578,190.9199981689453,192.09666951497397,5.257998732377858,-0.9300079345703125,-0.48475783423665986
1985-08-01,190.9199981689453,192.1699981689453,186.10000610351562,188.6300048828125,188.96666971842447,5.241570648811863,-2.2899932861328125,-1.1994517641396585
1985-09-01,188.6300048828125,188.8000030517578,179.4499969482422,182.0800018310547,183.4433339436849,5.211905812957569,-6.5500030517578125,-3.472407826012114
1985-10-01,182.05999755859375,190.14999389648438,181.16000366210938,189.82000732421875,187.0433349609375,5.2313403277665635,7.7400054931640625,4.250881708769816
1985-11-01,189.82000732421875,203.39999389648438,189.3699951171875,202.1699981689453,198.3133290608724,5.289848249912665,12.349990844726562,6.506158659888994
1985-12-01,202.1699981689453,213.0800018310547,200.10000610351562,211.27999877929688,208.15333557128906,5.338274998356638,9.110000610351562,4.506109063095853
1986-01-01,211.27999877929688,214.57000732421875,202.60000610351562,211.77999877929688,209.6500040690104,5.345439493025359,0.5,0.23665278440403448
1986-02-01,211.77999877929688,227.9199981689453,210.82000732421875,226.9199981689453,221.88666788736978,5.4021667465083825,15.139999389648438,7.148927885973944
1986-03-01,226.9199981689453,240.11000061035156,222.17999267578125,238.89999389648438,233.72999572753906,5.4541665847314045,11.979995727539062,5.279391778691878
1986-04-01,238.89999389648438,245.47000122070312,226.3000030517578,235.52000427246094,235.76333618164062,5.462828489082799,-3.3799896240234375,-1.4148136083619978
1986-05-01,235.52000427246094,249.19000244140625,232.25999450683594,247.35000610351562,242.93333435058594,5.4927870614650125,11.830001831054688,5.022928675463656
1986-06-01,246.0399932861328,251.80999755859375,238.22999572753906,250.83999633789062,246.95999654134116,5.509226366188968,3.489990234375,1.4109521521153523
1986-07-01,250.6699981689453,253.1999969482422,233.07000732421875,236.1199951171875,240.79666646321616,5.483952869747547,-14.720001220703125,-5.868283142882347
1986-08-01,236.1199951171875,254.24000549316406,231.9199981689453,252.92999267578125,246.36333211263022,5.50680740610743,16.80999755859375,7.119260505765657
1986-09-01,252.92999267578125,254.1300048828125,228.0800018310547,231.32000732421875,237.8433380126953,5.471612213289874,-21.6099853515625,-8.54386034765885
1986-10-01,231.32000732421875,244.50999450683594,231.32000732421875,243.97999572753906,239.9366658528646,5.4803749962365655,12.659988403320312,5.47293273494327
1986-11-01,243.97000122070312,249.22000122070312,235.50999450683594,249.22000122070312,244.6499989827474,5.499828613577141,5.2400054931640625,2.147719315076868
1986-12-01,249.22000122070312,254.8699951171875,241.27999877929688,242.1699981689453,246.1066640218099,5.505765035542421,-7.0500030517578125,-2.828827147590973
1987-01-01,242.1699981689453,280.9599914550781,242.1699981689453,274.0799865722656,265.7366587320964,5.582505813636748,31.909988403320312,13.176689368870086
1987-02-01,274.0799865722656,287.54998779296875,273.1600036621094,284.20001220703125,281.6366678873698,5.64061782847517,10.120025634765625,3.6923621317010324
1987-03-01,284.1700134277344,302.7200012207031,282.29998779296875,291.70001220703125,292.24000040690106,5.67757538387938,7.5,2.638986515783981
1987-04-01,291.5899963378906,303.6499938964844,275.6700134277344,288.3599853515625,289.22666422526044,5.6672106859834885,-3.34002685546875,-1.1450211572491154
1987-05-01,286.989990234375,298.69000244140625,277.010009765625,290.1000061035156,288.6000061035156,5.665041667488473,1.740020751953125,0.6034196283620119
1987-06-01,290.1199951171875,310.2699890136719,286.92999267578125,304,300.3999938964844,5.705114899572018,13.899993896484375,4.791449018971927
1987-07-01,303.989990234375,318.8500061035156,302.5299987792969,318.6600036621094,313.34666951497394,5.747310147972024,14.660003662109375,4.8223696256938675
1987-08-01,318.6199951171875,337.8900146484375,314.510009765625,329.79998779296875,327.40000406901044,5.791182677365288,11.139984130859375,3.4958840151999793
1987-09-01,329.80999755859375,332.17999267578125,308.55999755859375,321.8299865722656,320.8566589355469,5.770994478026813,-7.970001220703125,-2.41661659057012
1987-10-01,321.8299865722656,328.94000244140625,216.4600067138672,251.7899932861328,265.73000081380206,5.582480758750706,-70.03999328613281,-21.763041421998008
1987-11-01,251.72999572753906,257.2099914550781,225.75,230.3000030517578,237.75333150227866,5.471233713955204,-21.489990234375,-8.53488653536516
1987-12-01,230.32000732421875,253.35000610351562,221.24000549316406,247.0800018310547,240.55667114257812,5.4829557006338225,16.779998779296875,7.286147875354443
1988-01-01,247.10000610351562,261.7799987792969,240.1699981689453,257.07000732421875,253.0066680908203,5.533415844470404,9.990005493164062,4.043227059709542
1988-02-01,257.04998779296875,267.82000732421875,247.82000732421875,267.82000732421875,261.15334065755206,5.565107746902929,10.75,4.181740262854561
1988-03-01,267.82000732421875,272.6400146484375,256.07000732421875,258.8900146484375,262.53334554036456,5.570378104593932,-8.92999267578125,-3.334326201018556
1988-04-01,258.8900146484375,272.04998779296875,254.7100067138672,261.3299865722656,262.6966603597005,5.570999983857358,2.439971923828125,0.9424743272317793
1988-05-01,261.3599853515625,263.70001220703125,248.85000610351562,262.1600036621094,258.23667399088544,5.553876505471401,0.83001708984375,0.3176126477985486
1988-06-01,262.1600036621094,276.8800048828125,262.1000061035156,273.5,270.82667032877606,5.601479023370171,11.339996337890625,4.325601228060116
1988-07-01,273.5,276.3599853515625,262.4800109863281,272.0199890136719,270.2866617838542,5.5994831060931665,-1.480010986328125,-0.5411374721492224
1988-08-01,272.0299987792969,274.20001220703125,256.5299987792969,261.5199890136719,264.0833333333333,5.576264709902921,-10.5,-3.860010449258666
1988-09-01,261.5199890136719,274.8699951171875,256.9800109863281,271.9100036621094,267.9200032552083,5.5906884406358754,10.3900146484375,3.972933268934309
1988-10-01,271.8900146484375,283.95001220703125,268.8399963378906,278.9700012207031,277.2533365885417,5.624931660742522,7.05999755859375,2.59644642106176
1988-11-01,278.9700012207031,280.3699951171875,262.8500061035156,273.70001220703125,272.3066711425781,5.6069288986178725,-5.269989013671875,-1.8890880706211144
1988-12-01,273.67999267578125,280.45001220703125,270.4700012207031,277.7200012207031,276.2133382161458,5.621173531685157,4.019989013671875,1.4687573381001906
1989-01-01,277.7200012207031,297.510009765625,273.80999755859375,297.4700012207031,289.59666951497394,5.668489160151834,19.75,7.111479156412925
1989-02-01,297.4700012207031,300.57000732421875,286.260009765625,288.8599853515625,291.89666748046875,5.676399861146967,-8.610015869140625,-2.894414843113058
1989-03-01,288.8599853515625,299.989990234375,286.4599914550781,294.8699951171875,293.77332560221356,5.682808468611263,6.010009765625,2.0805961609083434
1989-04-01,294.8699951171875,310.45001220703125,294.3500061035156,309.6400146484375,304.81334431966144,5.719699603430467,14.77001953125,5.008993717851862
1989-05-01,309.6400146484375,323.05999755859375,304.05999755859375,320.5199890136719,315.87999471028644,5.755362377883421,10.879974365234375,3.5137494672926595
1989-06-01,320.510009765625,329.19000244140625,314.3800048828125,317.9800109863281,320.5166727701823,5.769934296131487,-2.53997802734375,-0.7924554206930945
1989-07-01,317.9800109863281,346.0799865722656,317.260009765625,346.0799865722656,336.47332763671875,5.818518881862146,28.0999755859375,8.837025792525587
1989-08-01,346.0799865722656,352.7300109863281,339,351.45001220703125,347.72667439778644,5.851416752774681,5.370025634765625,1.551671822445666
1989-09-01,351.45001220703125,354.1300048828125,341.3699951171875,349.1499938964844,348.21666463216144,5.852824885557508,-2.300018310546875,-0.6544368276168888
1989-10-01,349.1499938964844,360.44000244140625,327.1199951171875,340.3599853515625,342.63999430338544,5.83668031668146,-8.790008544921875,-2.517545094824758
1989-11-01,340.3599853515625,346.5,330.9100036621094,345.989990234375,341.1333312988281,5.832273401738923,5.6300048828125,1.6541324259951473
1989-12-01,346.010009765625,354.1000061035156,339.6300048828125,353.3999938964844,349.0433349609375,5.855196083436616,7.410003662109375,2.1416815142801804
1990-01-01,353.3999938964844,360.5899963378906,319.8299865722656,329.0799865722656,336.49998982747394,5.818598118854393,-24.32000732421875,-6.881722621461728
1990-02-01,329.0799865722656,336.0899963378906,322.1000061035156,331.8900146484375,330.02667236328125,5.79917347653761,2.810028076171875,0.8539042758088922
1990-03-01,331.8900146484375,344.489990234375,331.0799865722656,339.94000244140625,338.5033264160156,5.824533919234668,8.04998779296875,2.4254986404143253
1990-04-01,339.94000244140625,347.29998779296875,327.760009765625,330.79998779296875,335.2866617838542,5.814985872734188,-9.1400146484375,-2.688714062127162
1990-05-01,330.79998779296875,362.260009765625,330.79998779296875,361.2300109863281,351.4300028483073,5.86201055300839,30.430023193359375,9.198919079889457
1990-06-01,361.260009765625,368.7799987792969,351.2300109863281,358.0199890136719,359.3433329264323,5.884278290594802,-3.21002197265625,-0.8886365681221697
1990-07-01,358.0199890136719,369.7799987792969,350.0899963378906,356.1499938964844,358.67332967122394,5.882412029031319,-1.8699951171875,-0.5223158411739148
1990-08-01,356.1499938964844,357.3500061035156,306.17999267578125,322.55999755859375,328.69666544596356,5.795135335945651,-33.589996337890625,-9.431418479162911
1990-09-01,322.55999755859375,326.5299987792969,295.9800109863281,306.04998779296875,309.51999918619794,5.735022707763019,-16.510009765625,-5.1184306456431905
1990-10-01,306.1000061035156,319.69000244140625,294.510009765625,304,306.06667073567706,5.723802956441535,-2.04998779296875,-0.6698212301042394
1990-11-01,303.989990234375,323.0199890136719,301.6099853515625,322.2200012207031,315.6166585286458,5.754528371256295,18.220001220703125,5.993421454178649
1990-12-01,322.2300109863281,333.9800109863281,321.9700012207031,330.2200012207031,328.7233378092448,5.795216478482123,8,2.482775733875209
1991-01-01,330.20001220703125,343.92999267578125,309.3500061035156,343.92999267578125,332.40333048502606,5.8063490824408035,13.709991455078125,4.15177499981747
1991-02-01,343.9100036621094,370.9599914550781,340.3699951171875,367.07000732421875,359.46666463216144,5.8846214458301445,23.1400146484375,6.728117681278034
1991-03-01,367.07000732421875,379.6600036621094,363.7300109863281,375.2200012207031,372.87000528971356,5.921229847612012,8.149993896484375,2.2202832522042026
1991-04-01,375.2200012207031,391.260009765625,370.2699890136719,375.3399963378906,378.9566650390625,5.937421858278754,0.1199951171875,0.03197993624997064
1991-05-01,375.3500061035156,389.8500061035156,365.8299865722656,389.8299865722656,381.83665974934894,5.944992924883738,14.489990234375,3.8604972493607503
1991-06-01,389.80999755859375,389.80999755859375,367.9800109863281,371.1600036621094,376.31667073567706,5.930430998333957,-18.66998291015625,-4.789262897479862
1991-07-01,371.17999267578125,387.80999755859375,370.9200134277344,387.80999755859375,382.1800028483073,5.945891709266015,16.649993896484375,4.485934295776639
1991-08-01,387.80999755859375,396.82000732421875,374.0899963378906,395.42999267578125,388.7799987792969,5.963013627794137,7.6199951171875,1.9648784624321625
1991-09-01,395.42999267578125,397.6199951171875,382.7699890136719,387.8599853515625,389.4166564941406,5.964649866789953,-7.57000732421875,-1.9143735843086374
1991-10-01,387.8599853515625,393.80999755859375,376.1099853515625,392.45001220703125,387.4566650390625,5.959604010382462,4.59002685546875,1.1834236654519215
1991-11-01,392.4599914550781,398.2200012207031,371.6300048828125,375.2200012207031,381.69000244140625,5.944608767219025,-17.230010986328125,-4.390370862630699
1991-12-01,375.1099853515625,418.32000732421875,371.3599853515625,417.0899963378906,402.2566630045573,5.997090350072303,41.8699951171875,11.15878550742815
1992-01-01,417.0299987792969,421.17999267578125,408.6400146484375,408.7799987792969,412.8666687011719,6.023124704763604,-8.30999755859375,-1.9923751783923582
1992-02-01,408.7900085449219,418.0799865722656,406.3399963378906,412.70001220703125,412.3733317057292,6.021929083964882,3.920013427734375,0.958954312696414
1992-03-01,412.67999267578125,413.7799987792969,401.94000244140625,403.69000244140625,406.4700012207031,6.00751012852963,-9.010009765625,-2.183186212532784
1992-04-01,403.6700134277344,416.2799987792969,392.4100036621094,414.95001220703125,407.8800048828125,6.010973025467224,11.260009765625,2.7892713957560433
1992-05-01,414.95001220703125,418.75,409.8500061035156,415.3500061035156,414.65000406901044,6.027434800710333,0.399993896484375,0.09639568254424802
1992-06-01,415.3500061035156,417.29998779296875,399.9200134277344,408.1400146484375,408.4533386230469,6.0123776816387835,-7.209991455078125,-1.7358833150663777
1992-07-01,408.20001220703125,424.79998779296875,407.20001220703125,424.2099914550781,418.7366638183594,6.037242235034183,16.069976806640625,3.9373686063305824
1992-08-01,424.19000244140625,425.1400146484375,408.29998779296875,414.0299987792969,415.8233337402344,6.030260491550755,-10.17999267578125,-2.399753160189122
1992-09-01,414.0299987792969,425.2699890136719,412.7099914550781,417.79998779296875,418.59332275390625,6.036899858508436,3.769989013671875,0.9105593857418715
1992-10-01,417.79998779296875,421.1600036621094,396.79998779296875,418.67999267578125,412.2133280436198,6.021541001857985,0.8800048828125,0.2106282691536565
1992-11-01,418.6600036621094,431.92999267578125,415.5799865722656,431.3500061035156,426.2866617838542,6.055112034949172,12.670013427734375,3.026180770368403
1992-12-01,431.3500061035156,442.6499938964844,428.6099853515625,435.7099914550781,435.6566569010417,6.076854448948573,4.3599853515625,1.0107766987062838
1993-01-01,435.70001220703125,442.6600036621094,426.8800048828125,438.7799987792969,436.10666910807294,6.077886867343744,3.07000732421875,0.7045987892006611
1993-02-01,438.7799987792969,450.0400085449219,428.25,443.3800048828125,440.5566711425781,6.088039088957317,4.600006103515625,1.0483627595407663
1993-03-01,443.3800048828125,456.760009765625,441.07000732421875,451.6700134277344,449.8333435058594,6.108877166403938,8.290008544921875,1.8697299051888772
1993-04-01,451.6700134277344,452.6300048828125,432.29998779296875,440.19000244140625,441.7066650390625,6.090646008004285,-11.480010986328125,-2.541681016015662
1993-05-01,440.19000244140625,454.54998779296875,436.8599853515625,450.19000244140625,447.1999918619792,6.103005903643168,10,2.271746278774489
1993-06-01,450.2300109863281,455.6300048828125,442.5,450.5299987792969,449.55333455403644,6.108254499940891,0.339996337890625,0.07552285391652092
1993-07-01,450.5400085449219,451.1499938964844,441.3999938964844,448.1300048828125,446.89333089192706,6.102319932784707,-2.399993896484375,-0.532704570835929
1993-08-01,448.1300048828125,463.55999755859375,446.94000244140625,463.55999755859375,458.01999918619794,6.126912849506248,15.42999267578125,3.4431956145887233
1993-09-01,463.54998779296875,463.79998779296875,449.6400146484375,458.92999267578125,457.4566650390625,6.125682159003144,-4.6300048828125,-0.9987930164805148
1993-10-01,458.92999267578125,471.1000061035156,456.3999938964844,467.8299865722656,465.10999552408856,6.1422739271281,8.899993896484375,1.9392922751884534
1993-11-01,467.8299865722656,469.1099853515625,454.3599853515625,461.7900085449219,461.7533264160156,6.135030822986299,-6.03997802734375,-1.291062608362914
1993-12-01,461.92999267578125,471.2900085449219,461.45001220703125,466.45001220703125,466.3966776529948,6.145036511625394,4.660003662109375,1.0091174724184304
1994-01-01,466.510009765625,482.8500061035156,464.3599853515625,481.6099853515625,476.27332560221356,6.165991902883988,15.15997314453125,3.2500745519977725
1994-02-01,481.6000061035156,482.2300109863281,464.260009765625,467.1400146484375,471.2100118001302,6.15530387956524,-14.469970703125,-3.004499728667853
1994-03-01,467.19000244140625,471.0899963378906,436.1600036621094,445.7699890136719,451.0066630045573,6.111482113239571,-21.370025634765625,-4.574651060635082
1994-04-01,445.6600036621094,452.7900085449219,435.8599853515625,450.9100036621094,446.51999918619794,6.101484190323988,5.1400146484375,1.1530643100964522
1994-05-01,450.9100036621094,457.7699890136719,440.7799987792969,456.5,451.68332926432294,6.112981335325347,5.589996337890625,1.2397144202814125
1994-06-01,456.5,463.2300109863281,439.8299865722656,444.2699890136719,449.10999552408856,6.107267836635344,-12.230010986328125,-2.679082362832008
1994-07-01,444.2699890136719,459.3299865722656,443.5799865722656,458.260009765625,453.72332763671875,6.117487601783489,13.990020751953125,3.1489907258900107
1994-08-01,458.2799987792969,477.5899963378906,456.0799865722656,475.489990234375,469.71999104817706,6.152136753439095,17.22998046875,3.7598699649926237
1994-09-01,475.489990234375,475.489990234375,458.4700012207031,462.7099914550781,465.55666097005206,6.143233809975825,-12.779998779296875,-2.6877534841474704
1994-10-01,462.69000244140625,474.739990234375,449.2699890136719,472.3500061035156,465.4533284505208,6.143011830574681,9.6400146484375,2.0833815622011143
1994-11-01,472.260009765625,472.260009765625,444.17999267578125,453.69000244140625,456.7100016276042,6.124048619726949,-18.660003662109375,-3.950461187888721
1994-12-01,453.54998779296875,462.7300109863281,442.8800048828125,459.2699890136719,454.9600016276042,6.1202095065760105,5.579986572265625,1.2299117331743048
1995-01-01,459.2099914550781,471.3599853515625,457.20001220703125,470.4200134277344,466.32667032877606,6.144886397822622,11.1500244140625,2.4277711761677034
1995-02-01,470.4200134277344,489.19000244140625,469.2900085449219,487.3900146484375,481.95667521158856,6.177854224557525,16.970001220703125,3.607414807259257
1995-03-01,487.3900146484375,508.1499938964844,479.70001220703125,500.7099914550781,496.18666585286456,6.206952198371163,13.319976806640625,2.732919511338072
1995-04-01,500.70001220703125,515.2899780273438,500.20001220703125,514.7100219726562,510.06667073567706,6.234541444107051,14.000030517578125,2.796035780491146
1995-05-01,514.760009765625,533.4099731445312,513.030029296875,533.4000244140625,526.6133422851562,6.266466583401241,18.69000244140625,3.631171269946476
1995-06-01,533.4000244140625,551.0700073242188,526,544.75,540.6066691080729,6.292691970259174,11.3499755859375,2.1278543431649366
1995-07-01,544.75,565.4000244140625,542.510009765625,562.0599975585938,556.6566772460938,6.321948671514779,17.30999755859375,3.177603957520647
1995-08-01,562.0599975585938,565.6199951171875,553.0399780273438,561.8800048828125,560.1799926757812,6.328258147578768,-0.17999267578125,-0.03202374774278205
1995-09-01,561.8800048828125,587.6099853515625,561.010009765625,584.4099731445312,577.6766560872396,6.359014293605261,22.52996826171875,4.009747288732535
1995-10-01,584.4099731445312,590.6599731445312,571.5499877929688,581.5,581.2366536458334,6.365157995168413,-2.90997314453125,-0.49793351897702287
1995-11-01,581.5,608.6900024414062,581.0399780273438,605.3699951171875,598.3666585286459,6.394203707408523,23.8699951171875,4.104900278106194
1995-12-01,605.3699951171875,622.8800048828125,605.0499877929688,615.9299926757812,614.6199951171875,6.42100418271288,10.55999755859375,1.744387340596476
1996-01-01,615.9299926757812,636.1799926757812,597.2899780273438,636.02001953125,623.163330078125,6.434808651487265,20.09002685546875,3.2617386869231213
1996-02-01,636.02001953125,664.22998046875,633.7100219726562,640.4299926757812,646.1233317057291,6.470990401513611,4.40997314453125,0.6933701784703983
1996-03-01,640.4299926757812,656.969970703125,627.6300048828125,645.5,643.3666585286459,6.466714792710935,5.07000732421875,0.7916567590839696
1996-04-01,645.5,656.6799926757812,624.1400146484375,654.1699829101562,644.9966634114584,6.469245143776901,8.66998291015625,1.343142201418468
1996-05-01,654.1699829101562,681.0999755859375,630.0700073242188,669.1199951171875,660.0966593424479,6.492386277846361,14.95001220703125,2.2853405991703157
1996-06-01,669.1199951171875,680.3200073242188,658.75,670.6300048828125,669.9000040690104,6.507128453588278,1.510009765625,0.22567099722681228
1996-07-01,670.6300048828125,675.8800048828125,605.8800048828125,639.9500122070312,640.5700073242188,6.462358416416508,-30.67999267578125,-4.57480167192077
1996-08-01,639.9500122070312,670.6799926757812,639.489990234375,651.989990234375,654.0533243815104,6.483188883884885,12.03997802734375,1.881393514756069
1996-09-01,651.989990234375,690.8800048828125,643.969970703125,687.3300170898438,674.0599975585938,6.513319124099764,35.34002685546875,5.420332732833044
1996-10-01,687.3099975585938,714.0999755859375,684.4400024414062,705.27001953125,701.2699991861979,6.552892975768844,17.94000244140625,2.610100242291802
1996-11-01,705.27001953125,762.1199951171875,701.2999877929688,757.02001953125,740.1466674804688,6.60684836585726,51.75,7.337615178140577
1996-12-01,757.02001953125,761.75,716.6900024414062,740.739990234375,739.7266642252604,6.606280745294761,-16.280029296875,-2.1505414489508046
1997-01-01,740.739990234375,794.6699829101562,729.5499877929688,786.1599731445312,770.1266479492188,6.646554979178858,45.41998291015625,6.131703905412889
1997-02-01,786.1599731445312,817.6799926757812,773.4299926757812,790.8200073242188,793.9766642252604,6.677054070670729,4.6600341796875,0.5927590234654057
1997-03-01,790.8200073242188,814.9000244140625,756.1300048828125,757.1199951171875,776.0500081380209,6.654216961583658,-33.70001220703125,-4.261401064074876
1997-04-01,757.1199951171875,804.1300048828125,733.5399780273438,801.3400268554688,779.6700032552084,6.6588707574133785,44.22003173828125,5.840557906734034
1997-05-01,801.3400268554688,851.8699951171875,793.2100219726562,848.280029296875,831.1200154622396,6.722774207366376,46.94000244140625,5.857688480332501
1997-06-01,848.280029296875,902.0900268554688,838.8200073242188,885.1400146484375,875.3500162760416,6.774623824972694,36.8599853515625,4.345261479527585
1997-07-01,885.1400146484375,957.72998046875,884.5399780273438,954.3099975585938,932.1933186848959,6.837540216657963,69.16998291015625,7.814580943742477
1997-08-01,954.2899780273438,964.1699829101562,893.3400268554688,899.469970703125,918.9933268229166,6.823278860983204,-54.84002685546875,-5.746563170852836
1997-09-01,899.469970703125,960.5900268554688,899.469970703125,947.280029296875,935.7800089518229,6.841380415681838,47.81005859375,5.315359061556713
1997-10-01,947.280029296875,983.1199951171875,855.27001953125,914.6199951171875,917.6700032552084,6.821837852416171,-32.6600341796875,-3.447769737522033
1997-11-01,914.6199951171875,964.5499877929688,900.6099853515625,955.4000244140625,940.1866658528646,6.84607843624405,40.780029296875,4.458685521263939
1997-12-01,955.4000244140625,986.25,924.9199829101562,970.4299926757812,960.5333251953125,6.867488677281184,15.02996826171875,1.5731597108694428
1998-01-01,970.4299926757812,992.6500244140625,912.8300170898438,980.280029296875,961.9200236002604,6.86893131165909,9.85003662109375,1.0150177442407982
1998-02-01,980.280029296875,1051.6600341796875,980.280029296875,1049.3399658203125,1027.0933430989583,6.93448809489183,69.0599365234375,7.044919253631243
1998-03-01,1049.3399658203125,1113.0699462890625,1030.8699951171875,1101.75,1081.8966471354167,6.986470934636518,52.4100341796875,4.994571434122053
1998-04-01,1101.75,1132.97998046875,1076.699951171875,1111.75,1107.143310546875,7.009538382818206,10,0.9076469253460395
1998-05-01,1111.75,1130.52001953125,1074.3900146484375,1090.8199462890625,1098.57666015625,7.0017706756038764,-20.9300537109375,-1.8826223261468433
1998-06-01,1090.8199462890625,1145.1500244140625,1074.6700439453125,1133.8399658203125,1117.8866780598958,7.019195287271644,43.02001953125,3.9438240635040422
1998-07-01,1133.8399658203125,1190.5799560546875,1114.300048828125,1120.6700439453125,1141.8500162760417,7.040405047331698,-13.169921875,-1.1615326917385427
1998-08-01,1120.6700439453125,1121.7900390625,957.280029296875,957.280029296875,1012.11669921875,6.919799158632645,-163.3900146484375,-14.579671825011387
1998-09-01,957.280029296875,1066.1099853515625,939.97998046875,1017.010009765625,1007.6999918619791,6.91542577721052,59.72998046875,6.239551504341101
1998-10-01,1017.010009765625,1103.780029296875,923.3200073242188,1098.6700439453125,1041.923360188802,6.9488236689257965,81.6600341796875,8.029422856762892
1998-11-01,1098.6700439453125,1192.969970703125,1098.6700439453125,1163.6300048828125,1151.7566731770833,7.049043597745048,64.9599609375,5.912599628568138
1998-12-01,1163.6300048828125,1244.9300537109375,1136.8900146484375,1229.22998046875,1203.683349609375,7.093141592615243,65.5999755859375,5.637528708495609
1999-01-01,1229.22998046875,1280.3699951171875,1205.4599609375,1279.6400146484375,1255.1566569010417,7.13501566999171,50.4100341796875,4.100944085374847
1999-02-01,1279.6400146484375,1283.8399658203125,1211.8900146484375,1238.3299560546875,1244.6866455078125,7.126639086864304,-41.31005859375,-3.2282562377591306
1999-03-01,1238.3299560546875,1323.8199462890625,1216.030029296875,1286.3699951171875,1275.4066569010417,7.151020353328928,48.0400390625,3.87942154089167
1999-04-01,1286.3699951171875,1371.56005859375,1282.56005859375,1335.1800537109375,1329.7667236328125,7.192758810067361,48.81005859375,3.7944027596277463
1999-05-01,1335.1800537109375,1375.97998046875,1277.31005859375,1301.8399658203125,1318.3766682942708,7.184156462013079,-33.340087890625,-2.4970480796175143
1999-06-01,1301.8399658203125,1372.9300537109375,1277.469970703125,1372.7099609375,1341.0366617838542,7.201198222045819,70.8699951171875,5.443833111432483
1999-07-01,1372.7099609375,1420.3299560546875,1328.489990234375,1328.719970703125,1359.1799723307292,7.214636835354172,-43.989990234375,-3.2046092391091685
1999-08-01,1328.719970703125,1382.8399658203125,1267.72998046875,1320.4100341796875,1323.6599934895833,7.188155901017231,-8.3099365234375,-0.6254091687235008
1999-09-01,1320.4100341796875,1361.3900146484375,1256.260009765625,1282.7099609375,1300.1199951171875,7.17021184312618,-37.7000732421875,-2.8551792448024638
1999-10-01,1282.7099609375,1373.1700439453125,1233.699951171875,1362.9300537109375,1323.2666829427083,7.187858718210263,80.2200927734375,6.253954145238461
1999-11-01,1362.9300537109375,1425.31005859375,1346.4100341796875,1388.9100341796875,1386.876708984375,7.234809525941619,25.97998046875,1.9061858969220413
1999-12-01,1388.9100341796875,1473.0999755859375,1387.3800048828125,1469.25,1443.2433268229167,7.27464817021507,80.3399658203125,5.784389473992291
2000-01-01,1469.25,1478,1350.1400146484375,1394.4599609375,1407.5333251953125,7.249594036604112,-74.7900390625,-5.090354879190063
2000-02-01,1394.4599609375,1444.550048828125,1325.0699462890625,1366.4200439453125,1378.6800130208333,7.228881808097694,-28.0399169921875,-2.0108083256356934
2000-03-01,1366.4200439453125,1552.8699951171875,1346.6199951171875,1498.5799560546875,1466.0233154296875,7.2903087864331475,132.159912109375,9.671982835364812
2000-04-01,1498.5799560546875,1527.18994140625,1339.4000244140625,1452.4300537109375,1439.67333984375,7.272171519505569,-46.14990234375,-3.0795755780191336
2000-05-01,1452.4300537109375,1481.510009765625,1361.0899658203125,1420.5999755859375,1421.066650390625,7.259163030861065,-31.830078125,-2.1915050603417807
2000-06-01,1420.5999755859375,1488.9300537109375,1420.5999755859375,1454.5999755859375,1454.7100016276042,7.2825618481442485,34,2.3933549615877237
2000-07-01,1454.5999755859375,1517.3199462890625,1413.8900146484375,1430.8299560546875,1454.0133056640625,7.2820828091272904,-23.77001953125,-1.6341275904170893
2000-08-01,1430.8299560546875,1525.2099609375,1425.4300537109375,1517.6800537109375,1489.4400227864583,7.3061555046668545,86.85009765625,6.069910494167097
2000-09-01,1517.6800537109375,1530.0899658203125,1419.43994140625,1436.510009765625,1462.0133056640625,7.287569741269721,-81.1700439453125,-5.3482974719764265
2000-10-01,1436.52001953125,1454.8199462890625,1305.7900390625,1429.4000244140625,1396.6700032552083,7.241846113210763,-7.1099853515625,-0.49494854217706497
2000-11-01,1429.4000244140625,1438.4599609375,1294.9000244140625,1314.949951171875,1349.4366455078125,7.207442484714914,-114.4500732421875,-8.006861010730892
2000-12-01,1314.949951171875,1389.050048828125,1254.0699462890625,1320.280029296875,1321.1333414713542,7.186245239224881,5.330078125,0.40534456237286687
2001-01-01,1320.280029296875,1383.3699951171875,1274.6199951171875,1366.010009765625,1341.3333333333333,7.201419423111465,45.72998046875,3.4636576676164488
2001-02-01,1366.010009765625,1376.3800048828125,1215.43994140625,1239.93994140625,1277.2532958984375,7.152467188672199,-126.070068359375,-9.229073539585963
2001-03-01,1239.93994140625,1267.4200439453125,1081.18994140625,1160.3299560546875,1169.6466471354167,7.064456971181927,-79.6099853515625,-6.420471080339151
2001-04-01,1160.3299560546875,1269.300048828125,1091.989990234375,1249.4599609375,1203.5833333333333,7.093058497313167,89.1300048828125,7.681436165439459
2001-05-01,1249.4599609375,1315.9300537109375,1232,1255.8199462890625,1267.9166666666667,7.145130412543071,6.3599853515625,0.5090187401275648
2001-06-01,1255.8199462890625,1286.6199951171875,1203.030029296875,1224.3800048828125,1238.010009765625,7.121260538644508,-31.43994140625,-2.503538942756467
2001-07-01,1224.4200439453125,1239.780029296875,1165.5400390625,1211.22998046875,1205.5166829427083,7.094663536548867,-13.1500244140625,-1.0740149595403703
2001-08-01,1211.22998046875,1226.27001953125,1124.8699951171875,1133.5799560546875,1161.5733235677083,7.057530678558641,-77.6500244140625,-6.410840688075748
2001-09-01,1133.5799560546875,1155.4000244140625,944.75,1040.93994140625,1047.0299886067708,6.953712852873695,-92.6400146484375,-8.172340570563886
2001-10-01,1040.93994140625,1110.6099853515625,1026.760009765625,1059.780029296875,1065.7166748046875,6.971402785913816,18.840087890625,1.8099111333141016
2001-11-01,1059.780029296875,1163.3800048828125,1054.31005859375,1139.449951171875,1119.0466715494792,7.020232415708003,79.669921875,7.51759041240454
2001-12-01,1139.449951171875,1173.6199951171875,1114.530029296875,1148.0799560546875,1145.4099934895833,7.043517924812199,8.6300048828125,0.7573834088927756
2002-01-01,1148.0799560546875,1176.969970703125,1081.6600341796875,1130.199951171875,1129.6099853515625,7.029627706423316,-17.8800048828125,-1.5573832456979853
2002-02-01,1130.199951171875,1130.199951171875,1074.3599853515625,1106.72998046875,1103.7633056640625,7.0064808068072875,-23.469970703125,-2.0766211039727644
2002-03-01,1106.72998046875,1173.93994140625,1106.72998046875,1147.3900146484375,1142.6866455078125,7.04113747529678,40.6600341796875,3.6738892862074657
2002-04-01,1147.3900146484375,1147.8399658203125,1063.4599609375,1076.9200439453125,1096.0733235677083,6.999489366335611,-70.469970703125,-6.141762591921907
2002-05-01,1076.9200439453125,1106.5899658203125,1048.9599609375,1067.1400146484375,1074.22998046875,6.979359386659952,-9.780029296875,-0.9081481352177012
2002-06-01,1067.1400146484375,1070.739990234375,952.9199829101562,989.8200073242188,1004.4933268229166,6.912238540950609,-77.32000732421875,-7.24553538081798
2002-07-01,989.8200073242188,994.4600219726562,775.6799926757812,911.6199951171875,893.9200032552084,6.7956162893523375,-78.20001220703125,-7.900427514940766
2002-08-01,911.6199951171875,965,833.4400024414062,916.0700073242188,904.836669921875,6.807754452187866,4.45001220703125,0.4881433306494376
2002-09-01,916.0700073242188,924.02001953125,800.2000122070312,815.280029296875,846.5000203450521,6.74111022560751,-100.78997802734375,-11.002431825242788
2002-10-01,815.280029296875,907.4400024414062,768.6300048828125,885.760009765625,853.9433390299479,6.749864843847353,70.47998046875,8.644880033371404
2002-11-01,885.760009765625,941.8200073242188,872.0499877929688,936.3099975585938,916.7266642252604,6.820809351732729,50.54998779296875,5.706962070498589
2002-12-01,936.3099975585938,954.280029296875,869.4500122070312,879.8200073242188,901.183349609375,6.803708732587781,-56.489990234375,-6.033257188502883
2003-01-01,879.8200073242188,935.0499877929688,840.3400268554688,855.7000122070312,877.0300089518229,6.776541209519749,-24.1199951171875,-2.741469268304464
2003-02-01,855.7000122070312,864.6400146484375,806.2899780273438,841.1500244140625,837.3600056966146,6.730254092349694,-14.54998779296875,-1.700360825687175
2003-03-01,841.1500244140625,895.9000244140625,788.9000244140625,848.1799926757812,844.3266805013021,6.73853948191204,7.02996826171875,0.8357567684332823
2003-04-01,848.1799926757812,924.239990234375,847.8499755859375,916.9199829101562,896.3366495768229,6.79831606738211,68.739990234375,8.10441071800323
2003-05-01,916.9199829101562,965.3800048828125,902.8300170898438,963.5900268554688,943.933349609375,6.850055559425548,46.6700439453125,5.0898709609522585
2003-06-01,963.5900268554688,1015.3300170898438,963.5900268554688,974.5,984.4733479817709,6.892106826084267,10.90997314453125,1.1322214676852127
2003-07-01,974.5,1015.4099731445312,962.0999755859375,990.3099975585938,989.2733154296875,6.89697064878202,15.80999755859375,1.6223701958536507
2003-08-01,990.3099975585938,1011.010009765625,960.8400268554688,1008.010009765625,993.2866821289062,6.901019325428725,17.70001220703125,1.7873203593487874
2003-09-01,1008.010009765625,1040.2900390625,990.3599853515625,995.969970703125,1008.8733317057291,6.916589474024762,-12.0400390625,-1.1944364585525724
2003-10-01,995.969970703125,1053.7900390625,995.969970703125,1050.7099609375,1033.489990234375,6.940696693767107,54.739990234375,5.496148663571665
2003-11-01,1050.7099609375,1063.6500244140625,1031.199951171875,1058.199951171875,1051.0166422526042,6.957513205435317,7.489990234375,0.7128504071372888
2003-12-01,1058.199951171875,1112.56005859375,1053.4100341796875,1111.9200439453125,1092.6300455729167,6.996342954735011,53.7200927734375,5.076554077889206
2004-01-01,1111.9200439453125,1155.3800048828125,1105.0799560546875,1131.1300048828125,1130.5299886067708,7.030441818218711,19.2099609375,1.7276386950755285
2004-02-01,1131.1300048828125,1158.97998046875,1124.43994140625,1144.93994140625,1142.78662109375,7.041224963159764,13.8099365234375,1.220897373761054
2004-03-01,1144.93994140625,1163.22998046875,1087.1600341796875,1126.2099609375,1125.5333251953125,7.026012269144615,-18.72998046875,-1.635891961786684
2004-04-01,1126.2099609375,1150.5699462890625,1107.22998046875,1107.300048828125,1121.6999918619792,7.0226006633961,-18.909912109375,-1.6790751960348183
2004-05-01,1107.300048828125,1127.739990234375,1076.3199462890625,1120.6800537109375,1108.2466634114583,7.010534462938437,13.3800048828125,1.208345009735412
2004-06-01,1120.6800537109375,1146.3399658203125,1113.3199462890625,1140.8399658203125,1133.4999593098958,7.033065434049829,20.159912109375,1.7988998771432563
2004-07-01,1140.8399658203125,1140.8399658203125,1078.780029296875,1101.719970703125,1107.1133219401042,7.009511295978918,-39.1199951171875,-3.4290519520026264
2004-08-01,1101.719970703125,1109.6800537109375,1060.719970703125,1104.239990234375,1091.5466715494792,6.995350934168369,2.52001953125,0.22873503233691306
2004-09-01,1104.239990234375,1131.5400390625,1099.1800537109375,1114.5799560546875,1115.1000162760417,7.016699380567354,10.3399658203125,0.9363875526838816
2004-10-01,1114.5799560546875,1142.050048828125,1090.2900390625,1130.199951171875,1120.8466796875,7.021839642698972,15.6199951171875,1.4014243690939843
2004-11-01,1130.199951171875,1188.4599609375,1127.5999755859375,1173.8199462890625,1163.2932942708333,7.059010308403831,43.6199951171875,3.859493629597055
2004-12-01,1173.780029296875,1217.3299560546875,1173.780029296875,1211.9200439453125,1201.010009765625,7.090918156571168,38.10009765625,3.245821284320516
2005-01-01,1211.9200439453125,1217.800048828125,1163.75,1181.27001953125,1187.606689453125,7.079695375623088,-30.6500244140625,-2.529046744229402
2005-02-01,1181.27001953125,1212.43994140625,1180.949951171875,1203.5999755859375,1198.9966227213542,7.089240338277388,22.3299560546875,1.8903346132113308
2005-03-01,1203.5999755859375,1229.1099853515625,1163.68994140625,1180.5899658203125,1191.1299641927083,7.082657685310173,-23.010009765625,-1.911765556028966
2005-04-01,1180.5899658203125,1191.8800048828125,1136.1500244140625,1156.8499755859375,1161.6266682942708,7.057576602049308,-23.739990234375,-2.0108582083263493
2005-05-01,1156.8499755859375,1199.56005859375,1146.1800537109375,1191.5,1179.0800374348958,7.072489784098281,34.6500244140625,2.995204663120865
2005-06-01,1191.5,1219.5899658203125,1188.300048828125,1191.3299560546875,1199.739990234375,7.0898601374940275,-0.1700439453125,-0.014271417986777557
2005-07-01,1191.3299560546875,1245.1500244140625,1183.550048828125,1234.1800537109375,1220.9600423177083,7.107392748200696,42.85009765625,3.596828690361842
2005-08-01,1234.1800537109375,1245.8599853515625,1201.0699462890625,1220.3299560546875,1222.4199625651042,7.1085877489113605,-13.85009765625,-1.122210459860007
2005-09-01,1220.3299560546875,1243.1300048828125,1205.3499755859375,1228.81005859375,1225.7633463541667,7.111319068788743,8.4801025390625,0.694902431673361
2005-10-01,1228.81005859375,1233.3399658203125,1168.199951171875,1207.010009765625,1202.8499755859375,7.0924489996243,-21.800048828125,-1.7740779932313488
2005-11-01,1207.010009765625,1270.6400146484375,1201.0699462890625,1249.47998046875,1240.3966471354167,7.1231864841715415,42.469970703125,3.5186096519093324
2005-12-01,1249.47998046875,1275.800048828125,1246.5899658203125,1248.2900390625,1256.8933512369792,7.136398361106139,-1.18994140625,-0.09523493171964548
2006-01-01,1248.2900390625,1294.9000244140625,1245.739990234375,1280.0799560546875,1273.5733235677083,7.1495818691795705,31.7899169921875,2.5466771341108085
2006-02-01,1280.0799560546875,1297.5699462890625,1253.6099853515625,1280.6600341796875,1277.2799886067708,7.1524880869775735,0.580078125,0.04531577283561905
2006-03-01,1280.6600341796875,1310.8800048828125,1268.4200439453125,1294.8699951171875,1291.3900146484375,7.163474447971391,14.2099609375,1.1095810408889628
2006-04-01,1302.8800048828125,1318.1600341796875,1280.739990234375,1310.6099853515625,1303.1700032552083,7.172555039262954,15.739990234375,1.215565291784415
2006-05-01,1310.6099853515625,1326.699951171875,1245.3399658203125,1270.0899658203125,1280.7099609375,7.155169860130756,-40.52001953125,-3.0916916538203165
2006-06-01,1270.050048828125,1290.6800537109375,1219.2900390625,1270.199951171875,1260.0566813151042,7.138911984104439,0.1099853515625,0.008659650459597046
2006-07-01,1270.06005859375,1280.4200439453125,1224.5400390625,1276.6600341796875,1260.5400390625,7.1392955105522935,6.4600830078125,0.5085878803453348
2006-08-01,1278.530029296875,1306.739990234375,1261.300048828125,1303.8199462890625,1290.6199951171875,7.162877998266576,27.159912109375,2.127419311502643
2006-09-01,1303.800048828125,1340.280029296875,1290.9300537109375,1335.8499755859375,1322.3533528645833,7.187168271281341,32.030029296875,2.4566297967782313
2006-10-01,1335.8199462890625,1389.449951171875,1327.0999755859375,1377.93994140625,1364.8299560546875,7.2187851255401245,42.0899658203125,3.1508003585395628
2006-11-01,1377.760009765625,1407.8900146484375,1360.97998046875,1400.6300048828125,1389.8333333333333,7.23693911485893,22.6900634765625,1.6466656343095964
2006-12-01,1400.6300048828125,1431.81005859375,1385.9300537109375,1418.300048828125,1412.0133870442708,7.252771898917784,17.6700439453125,1.2615782814670462
2007-01-01,1418.030029296875,1441.6099853515625,1403.969970703125,1438.239990234375,1427.9399820963542,7.263988112671982,19.93994140625,1.4059043023177953
2007-02-01,1437.9000244140625,1461.5699462890625,1389.4200439453125,1406.8199462890625,1419.2699788411458,7.257897918993253,-31.4200439453125,-2.1846175991944383
2007-03-01,1406.800048828125,1438.8900146484375,1363.97998046875,1420.8599853515625,1407.9099934895833,7.249861609596272,14.0400390625,0.9979982939206433
2007-04-01,1420.8299560546875,1498.02001953125,1416.3699951171875,1482.3699951171875,1465.586669921875,7.2900108985741054,61.510009765625,4.3290690426759815
2007-05-01,1482.3699951171875,1535.56005859375,1476.699951171875,1530.6199951171875,1514.2933349609375,7.322704163553556,48.25,3.2549228707361655
2007-06-01,1530.6199951171875,1540.56005859375,1484.1800537109375,1503.3499755859375,1509.3633626302083,7.319443226752553,-27.27001953125,-1.781632254788501
2007-07-01,1504.6600341796875,1555.9000244140625,1454.25,1455.27001953125,1488.4733479817708,7.305506275009518,-48.0799560546875,-3.198187836198829
2007-08-01,1455.1800537109375,1503.8900146484375,1370.5999755859375,1473.989990234375,1449.4933268229167,7.278969344572511,18.719970703125,1.2863572018857905
2007-09-01,1473.9599609375,1538.739990234375,1439.2900390625,1526.75,1501.5933430989583,7.314282052057197,52.760009765625,3.579400817860079
2007-10-01,1527.2900390625,1576.0899658203125,1489.56005859375,1549.3800048828125,1538.3433430989583,7.3384613651375705,22.6300048828125,1.4822338223554832
2007-11-01,1545.7900390625,1545.7900390625,1406.0999755859375,1481.1400146484375,1477.6766764322917,7.298226320088937,-68.239990234375,-4.404341737941575
2007-12-01,1479.6300048828125,1523.5699462890625,1435.6500244140625,1468.3599853515625,1475.8599853515625,7.2969961397879155,-12.780029296875,-0.8628508561297932
2008-01-01,1467.969970703125,1471.77001953125,1270.050048828125,1378.550048828125,1373.4567057291667,7.225085983909417,-89.8099365234375,-6.116343227776988
2008-02-01,1378.5999755859375,1396.02001953125,1316.75,1330.6300048828125,1347.8000081380208,7.20622891855012,-47.9200439453125,-3.476119273728817
2008-03-01,1330.449951171875,1359.6800537109375,1256.97998046875,1322.699951171875,1313.1199951171875,7.18016126016292,-7.9300537109375,-0.5959623397817415
2008-04-01,1326.4100341796875,1404.5699462890625,1324.3499755859375,1385.5899658203125,1371.5032958984375,7.223662713508885,62.8900146484375,4.75466976412291
2008-05-01,1385.969970703125,1440.239990234375,1373.0699462890625,1400.3800048828125,1404.5633138020833,7.247481724775026,14.7900390625,1.067418170406853
2008-06-01,1399.6199951171875,1404.050048828125,1272,1280,1318.683349609375,7.18438905536659,-120.3800048828125,-8.596238482631446
2008-07-01,1276.68994140625,1292.1700439453125,1200.43994140625,1267.3800048828125,1253.3299967447917,7.133559285540578,-12.6199951171875,-0.9859371185302779
2008-08-01,1269.4200439453125,1313.1500244140625,1247.449951171875,1282.8299560546875,1281.143310546875,7.155508169602522,15.449951171875,1.2190464669121548
2008-09-01,1287.8299560546875,1303.0400390625,1106.4200439453125,1166.3599853515625,1191.9400227864583,7.083337529905067,-116.469970703125,-9.079143354379216
2008-10-01,1164.1700439453125,1167.030029296875,839.7999877929688,968.75,991.8600056966146,6.899581974036342,-197.6099853515625,-16.942452401777075
2008-11-01,968.6699829101562,1007.510009765625,741.02001953125,896.239990234375,881.5900065104166,6.781727102706471,-72.510009765625,-7.484904233870971
2008-12-01,888.6099853515625,918.8499755859375,815.6900024414062,903.25,879.2633260091146,6.779084427348553,7.010009765625,0.7821576633499472
2009-01-01,902.989990234375,943.8499755859375,804.2999877929688,825.8800048828125,858.0099894205729,6.754615742101507,-77.3699951171875,-8.565734305805428
2009-02-01,823.0900268554688,875.010009765625,734.52001953125,735.0900268554688,781.5400187174479,6.661266356122379,-90.78997802734375,-10.993119762019942
2009-03-01,729.5700073242188,832.97998046875,666.7899780273438,797.8699951171875,765.8799845377604,6.64102547931615,62.77996826171875,8.540446199532292
2009-04-01,793.5900268554688,888.7000122070312,783.3200073242188,872.8099975585938,848.2766723632812,6.743206847158531,74.94000244140625,9.392507914826332
2009-05-01,872.739990234375,930.1699829101562,866.0999755859375,919.1400146484375,905.1366577148438,6.808085935299948,46.33001708984375,5.308144638516654
2009-06-01,923.260009765625,956.22998046875,888.8599853515625,919.3200073242188,921.4699910481771,6.825970211249369,0.17999267578125,0.019582726560996022
2009-07-01,920.8200073242188,996.6799926757812,869.3200073242188,987.47998046875,951.1599934895834,6.857682285502984,68.15997314453125,7.414172714778422
2009-08-01,990.219970703125,1039.469970703125,978.510009765625,1020.6199951171875,1012.8666585286459,6.920539865306915,33.1400146484375,3.356018886854417
2009-09-01,1019.52001953125,1080.1500244140625,991.969970703125,1057.0799560546875,1043.066650390625,6.949920355538787,36.4599609375,3.5723345723119637
2009-10-01,1054.9100341796875,1101.3599853515625,1019.9500122070312,1036.18994140625,1052.499979654948,6.958923546226321,-20.8900146484375,-1.9762000526814205
2009-11-01,1036.1800537109375,1113.68994140625,1029.3800048828125,1095.6300048828125,1079.566650390625,6.984314989957778,59.4400634765625,5.736406145372763
2009-12-01,1098.8900146484375,1130.3800048828125,1085.8900146484375,1115.0999755859375,1110.4566650390625,7.012526619645614,19.469970703125,1.7770570919338313
2010-01-01,1116.56005859375,1150.449951171875,1071.5899658203125,1073.8699951171875,1098.6366373697917,7.001825269496626,-41.22998046875,-3.6974245692262153
2010-02-01,1073.8900146484375,1112.4200439453125,1044.5,1104.489990234375,1087.1366780598958,6.991302618002304,30.6199951171875,2.8513689046546054
2010-03-01,1105.3599853515625,1180.68994140625,1105.3599853515625,1169.4300537109375,1151.82666015625,7.049104361319933,64.9400634765625,5.8796425545497355
2010-04-01,1171.22998046875,1219.800048828125,1170.68994140625,1186.68994140625,1192.393310546875,7.0837177517134355,17.2598876953125,1.4759230482012997
2010-05-01,1188.5799560546875,1205.1300048828125,1040.780029296875,1089.4100341796875,1111.7733561197917,7.013711637598099,-97.2799072265625,-8.197584207319053
2010-06-01,1087.300048828125,1131.22998046875,1028.3299560546875,1030.7099609375,1063.4232991536458,6.969248510886306,-58.7000732421875,-5.388244223983851
2010-07-01,1031.0999755859375,1120.949951171875,1010.9099731445312,1101.5999755859375,1077.8199666341145,6.982695730688831,70.8900146484375,6.8777849574635175
2010-08-01,1107.530029296875,1129.239990234375,1039.699951171875,1049.3299560546875,1072.7566324869792,6.977986906548377,-52.27001953125,-4.744918363260475
2010-09-01,1049.719970703125,1157.1600341796875,1049.719970703125,1141.199951171875,1116.0266520182292,7.0175300243928564,91.8699951171875,8.755110305113556
2010-10-01,1143.489990234375,1196.1400146484375,1131.8699951171875,1183.260009765625,1170.42333984375,7.065120791273784,42.06005859375,3.685599403554063
2010-11-01,1185.7099609375,1227.0799560546875,1173,1180.550048828125,1193.5433349609375,7.084681754261691,-2.7099609375,-0.22902497465766558
2010-12-01,1186.5999755859375,1262.5999755859375,1186.5999755859375,1257.6400146484375,1235.6133219401042,7.119322742744239,77.0899658203125,6.530004034715509
2011-01-01,1257.6199951171875,1302.6700439453125,1257.6199951171875,1286.1199951171875,1282.1366780598958,7.156283244949082,28.47998046875,2.2645574359139164
2011-02-01,1289.1400146484375,1344.0699462890625,1289.1400146484375,1327.219970703125,1320.143310546875,7.1854955782833905,41.0999755859375,3.1956563728093412
2011-03-01,1328.6400146484375,1332.280029296875,1249.050048828125,1325.8299560546875,1302.3866780598958,7.171953766433597,-1.3900146484375,-0.10473129391664893
2011-04-01,1329.47998046875,1364.56005859375,1294.699951171875,1363.6099853515625,1340.9566650390625,7.201138567352412,37.780029296875,2.8495380666536008
2011-05-01,1365.2099609375,1370.5799560546875,1311.800048828125,1345.199951171875,1342.5266520182292,7.202308678713506,-18.4100341796875,-1.350095289522324
2011-06-01,1345.199951171875,1345.199951171875,1258.0699462890625,1320.6400146484375,1307.969970703125,7.176231573575562,-24.5599365234375,-1.8257461652479323
2011-07-01,1320.6400146484375,1356.47998046875,1282.8599853515625,1292.280029296875,1310.5399983723958,7.178194543756978,-28.3599853515625,-2.147442530666621
2011-08-01,1292.5899658203125,1307.3800048828125,1101.5400390625,1218.8900146484375,1209.27001953125,7.097772166894771,-73.3900146484375,-5.679110795232889
2011-09-01,1219.1199951171875,1229.2900390625,1114.219970703125,1131.4200439453125,1158.3100179036458,7.054717340699696,-87.469970703125,-7.1761988080896515
2011-10-01,1131.2099609375,1292.6600341796875,1074.77001953125,1253.300048828125,1206.9100341796875,7.095818681600135,121.8800048828125,10.772303843744147
2011-11-01,1251,1277.550048828125,1158.6600341796875,1246.9599609375,1227.7233479817708,7.112916796666441,-6.340087890625,-0.5058715107011391
2011-12-01,1246.9100341796875,1269.3699951171875,1202.3699951171875,1257.5999755859375,1243.1133219401042,7.12537425544856,10.6400146484375,0.8532763666636134
2012-01-01,1258.8599853515625,1333.469970703125,1258.8599853515625,1312.4100341796875,1301.5799967447917,7.171334187582058,54.81005859375,4.358306270498535
2012-02-01,1312.449951171875,1378.0400390625,1312.449951171875,1365.6800537109375,1352.0566813151042,7.209382179773755,53.27001953125,4.058946376811723
2012-03-01,1365.9000244140625,1419.1500244140625,1340.030029296875,1408.469970703125,1389.2166748046875,7.236495323968546,42.7899169921875,3.133231453144192
2012-04-01,1408.469970703125,1422.3800048828125,1357.3800048828125,1397.9100341796875,1392.5566813151042,7.238896675687641,-10.5599365234375,-0.7497452372495994
2012-05-01,1397.8599853515625,1415.3199462890625,1291.97998046875,1310.3299560546875,1339.2099609375,7.199835137683579,-87.580078125,-6.2650725714543665
2012-06-01,1309.8699951171875,1363.4599609375,1266.739990234375,1362.1600341796875,1330.7866617838542,7.193525521388845,51.830078125,3.955498222833631
2012-07-01,1362.3299560546875,1391.739990234375,1325.4100341796875,1379.3199462890625,1365.489990234375,7.219268610410418,17.159912109375,1.259757420478791
2012-08-01,1379.3199462890625,1426.6800537109375,1354.6500244140625,1406.5799560546875,1395.9700113932292,7.241344801281572,27.260009765625,1.9763369506085704
2012-09-01,1406.5400390625,1474.510009765625,1396.56005859375,1440.6700439453125,1437.2467041015625,7.270484551303041,34.090087890625,2.4236153617775313
2012-10-01,1440.9000244140625,1470.9599609375,1403.280029296875,1412.1600341796875,1428.8000081380208,7.264590215817938,-28.510009765625,-1.9789409716293949
2012-11-01,1412.199951171875,1434.27001953125,1343.3499755859375,1416.1800537109375,1397.933349609375,7.242750246127467,4.02001953125,0.28467166850427716
2012-12-01,1416.3399658203125,1448,1398.1099853515625,1426.18994140625,1424.0999755859375,7.261295297081879,10.0098876953125,0.7068230956284616
2013-01-01,1426.18994140625,1509.93994140625,1426.18994140625,1498.1099853515625,1478.0799560546875,7.298499197510891,71.9200439453125,5.0428096466868855
2013-02-01,1498.1099853515625,1530.93994140625,1485.010009765625,1514.6800537109375,1510.2100016276042,7.3200039940646535,16.570068359375,1.1060648765041536
2013-03-01,1514.6800537109375,1570.280029296875,1501.47998046875,1569.18994140625,1546.9833170572917,7.344062066453697,54.5098876953125,3.5987723982872977
2013-04-01,1569.1800537109375,1597.5699462890625,1536.030029296875,1597.5699462890625,1577.056640625,7.363315503011138,28.3800048828125,1.8085767779890016
2013-05-01,1597.550048828125,1687.1800537109375,1581.280029296875,1630.739990234375,1633.0666910807292,7.3982149317450805,33.1700439453125,2.0762811683057825
2013-06-01,1631.7099609375,1654.18994140625,1560.3299560546875,1606.280029296875,1606.9333089192708,7.382082864514974,-24.4599609375,-1.4999301595580827
2013-07-01,1609.780029296875,1698.780029296875,1604.5699462890625,1685.72998046875,1663.0266520182292,7.416394505533675,79.449951171875,4.946207991308538
2013-08-01,1689.4200439453125,1709.6700439453125,1627.469970703125,1632.969970703125,1656.7033284505208,7.412584960027112,-52.760009765625,-3.1298019479343964
2013-09-01,1635.949951171875,1729.8599853515625,1633.4100341796875,1681.550048828125,1681.606689453125,7.427504978143512,48.580078125,2.974952325919533
2013-10-01,1682.4100341796875,1775.219970703125,1646.469970703125,1756.5400390625,1726.07666015625,7.453606285579569,74.989990234375,4.459575276194472
2013-11-01,1758.699951171875,1813.550048828125,1746.199951171875,1805.81005859375,1788.52001953125,7.489143752112104,49.27001953125,2.8049471367328715
2013-12-01,1806.550048828125,1849.43994140625,1767.989990234375,1848.3599853515625,1821.9299723307292,7.507651642575642,42.5499267578125,2.3562791975445974
2014-01-01,1845.8599853515625,1850.8399658203125,1770.449951171875,1782.5899658203125,1801.2932942708333,7.496260182706119,-65.77001953125,-3.5582905955811595
2014-02-01,1782.6800537109375,1867.9200439453125,1737.9200439453125,1859.449951171875,1821.7633463541667,7.507560182640842,76.8599853515625,4.31170301781616
2014-03-01,1857.6800537109375,1883.969970703125,1834.43994140625,1872.3399658203125,1863.5832926432292,7.530256414804381,12.8900146484375,0.6932165418227054
2014-04-01,1873.9599609375,1897.280029296875,1814.3599853515625,1883.949951171875,1865.1966552734375,7.531121771705792,11.6099853515625,0.6200789153414155
2014-05-01,1884.3900146484375,1924.030029296875,1859.7900390625,1923.5699462890625,1902.4633382161458,7.550904819230137,39.6199951171875,2.103028007328045
2014-06-01,1923.8699951171875,1968.1700439453125,1915.97998046875,1960.22998046875,1948.1266682942708,7.57462350688018,36.6600341796875,1.9058331749470137
2014-07-01,1962.2900390625,1991.3900146484375,1930.6700439453125,1930.6700439453125,1950.9100341796875,7.576051226889303,-29.5599365234375,-1.5079830845342368
2014-08-01,1929.800048828125,2005.0400390625,1904.780029296875,2003.3699951171875,1971.0633544921875,7.586328449960431,72.699951171875,3.7655295579825276
2014-09-01,2004.0699462890625,2019.260009765625,1964.0400390625,1972.2900390625,1985.1966959635417,7.593473279377598,-31.0799560546875,-1.5513837249453988
2014-10-01,1971.43994140625,2018.18994140625,1820.6600341796875,2018.050048828125,1952.3000081380208,7.576763447857184,45.760009765625,2.3201460667203078
2014-11-01,2018.2099609375,2075.760009765625,2001.010009765625,2067.56005859375,2048.1100260416665,7.624672708369492,49.510009765625,2.453358864631494
2014-12-01,2065.780029296875,2093.550048828125,1972.56005859375,2058.89990234375,2041.6700032552083,7.621523380990932,-8.66015625,-0.4188587515997044
2015-01-01,2058.89990234375,2072.360107421875,1988.1199951171875,1994.989990234375,2018.4900309244792,7.610105001427432,-63.909912109375,-3.1040805838410623
2015-02-01,1996.6700439453125,2119.590087890625,1980.9000244140625,2104.5,2068.330037434896,7.634496815464846,109.510009765625,5.48925108906233
2015-03-01,2105.22998046875,2117.52001953125,2039.68994140625,2067.889892578125,2075.0332845052085,7.63773247326155,-36.610107421875,-1.7396107114219572
2015-04-01,2067.6298828125,2125.919921875,2048.3798828125,2085.510009765625,2086.603271484375,7.6432927938867445,17.6201171875,0.8520819822535275
2015-05-01,2087.3798828125,2134.719970703125,2067.929931640625,2107.389892578125,2103.3465983072915,7.6512849734909825,21.8798828125,1.0491382304589791
2015-06-01,2108.639892578125,2129.8701171875,2056.320068359375,2063.110107421875,2083.10009765625,7.6416124946701185,-44.27978515625,-2.1011671979729973
2015-07-01,2067,2132.820068359375,2044.02001953125,2103.840087890625,2093.56005859375,7.646621273174642,40.72998046875,1.9742029435184882
2015-08-01,2104.489990234375,2112.659912109375,1867.010009765625,1972.1800537109375,1983.9499918619792,7.5928450818124205,-131.6600341796875,-6.258081825586559
2015-09-01,1970.0899658203125,2020.8599853515625,1871.9100341796875,1920.030029296875,1937.6000162760417,7.569205381198932,-52.1500244140625,-2.6442831280001466
2015-10-01,1919.6500244140625,2094.320068359375,1893.699951171875,2079.360107421875,2022.4600423177083,7.612069892157858,159.330078125,8.298311781266655
2015-11-01,2080.760009765625,2116.47998046875,2019.3900146484375,2080.409912109375,2072.093302408854,7.636314632485652,1.0498046875,0.050486911033487125
2015-12-01,2082.929931640625,2104.27001953125,1993.260009765625,2043.93994140625,2047.1566569010417,7.624207112728643,-36.469970703125,-1.7530185032692547
2016-01-01,2038.199951171875,2038.199951171875,1812.2900390625,1940.239990234375,1930.2433268229167,7.565401350026061,-103.699951171875,-5.07353220469523
2016-02-01,1936.93994140625,1962.9599609375,1810.0999755859375,1932.22998046875,1901.7633056640625,7.550536790389842,-8.010009765625,-0.41283603090035426
2016-03-01,1937.0899658203125,2072.2099609375,1937.0899658203125,2059.739990234375,2023.0133056640625,7.612343414340413,127.510009765625,6.599111444005845
2016-04-01,2056.6201171875,2111.050048828125,2033.800048828125,2065.300048828125,2070.050048828125,7.635328064144965,5.56005859375,0.26993982833325436
2016-05-01,2067.169921875,2103.47998046875,2025.9100341796875,2096.949951171875,2075.4466552734375,7.63793166505411,31.64990234375,1.5324602525288444
2016-06-01,2093.93994140625,2120.550048828125,1991.6800537109375,2098.860107421875,2070.3634033203125,7.6354794280106315,1.91015625,0.09109212401243738
2016-07-01,2099.340087890625,2177.090087890625,2074.02001953125,2173.60009765625,2141.570068359375,7.669294515810087,74.739990234375,3.5609800753315435
2016-08-01,2173.14990234375,2193.81005859375,2147.580078125,2170.949951171875,2170.780029296875,7.682841842449528,-2.650146484375,-0.12192428990193127
2016-09-01,2171.330078125,2187.8701171875,2119.1201171875,2168.27001953125,2158.4200846354165,7.67713179074536,-2.679931640625,-0.12344511393173052
2016-10-01,2164.330078125,2169.60009765625,2114.719970703125,2126.14990234375,2136.8233235677085,7.667075576921368,-42.1201171875,-1.942567890903446
2016-11-01,2128.679931640625,2214.10009765625,2083.7900390625,2198.81005859375,2165.5667317708335,7.6804373760518905,72.66015625,3.4174521829295035
2016-12-01,2200.169921875,2277.530029296875,2187.43994140625,2238.830078125,2234.6000162760415,7.711817527396886,40.02001953125,1.8200762441865859
2017-01-01,2251.570068359375,2300.989990234375,2245.1298828125,2278.8701171875,2274.9966634114585,7.729733864751649,40.0400390625,1.7884358198382522
2017-02-01,2285.590087890625,2371.5400390625,2271.64990234375,2363.639892578125,2335.6099446614585,7.756028354261877,84.769775390625,3.719816006681631
2017-03-01,2380.1298828125,2400.97998046875,2322.25,2362.719970703125,2361.9833170572915,7.767256933674486,-0.919921875,-0.03891971352694146
2017-04-01,2362.340087890625,2398.159912109375,2328.949951171875,2384.199951171875,2370.4366048177085,7.7708294386045615,21.47998046875,0.9091208748854607
2017-05-01,2388.5,2418.7099609375,2352.719970703125,2411.800048828125,2394.4099934895835,7.780892130222388,27.60009765625,1.1576251246328662
2017-06-01,2415.64990234375,2453.820068359375,2405.699951171875,2423.409912109375,2427.643310546875,7.7946762346935055,11.60986328125,0.4813775207812565
2017-07-01,2431.389892578125,2484.0400390625,2407.699951171875,2470.300048828125,2454.0133463541665,7.805480063868197,46.89013671875,1.9348826001101882
2017-08-01,2477.10009765625,2490.8701171875,2417.35009765625,2471.64990234375,2459.9567057291665,7.807899029474452,1.349853515625,0.0546433019853243
2017-09-01,2474.419921875,2519.43994140625,2446.550048828125,2519.360107421875,2495.11669921875,7.822090780325754,47.710205078125,1.9302978562167672
2017-10-01,2521.199951171875,2582.97998046875,2520.39990234375,2575.260009765625,2559.546630859375,7.847585424469469,55.89990234375,2.218813506615125
2017-11-01,2583.2099609375,2657.739990234375,2557.449951171875,2647.580078125,2620.92333984375,7.871281954457566,72.320068359375,2.8082627806563343
2017-12-01,2645.10009765625,2694.969970703125,2605.52001953125,2673.610107421875,2658.0333658854165,7.885341792198697,26.030029296875,0.9831630594270502
2018-01-01,2683.72998046875,2872.8701171875,2682.360107421875,2823.81005859375,2793.013427734375,7.934876373572136,150.199951171875,5.617870412552817
2018-02-01,2816.449951171875,2835.9599609375,2532.68994140625,2713.830078125,2694.1599934895835,7.89884174403002,-109.97998046875,-3.89473718793677
2018-03-01,2715.219970703125,2801.89990234375,2585.889892578125,2640.8701171875,2676.219970703125,7.892160619178867,-72.9599609375,-2.688449860055664
2018-04-01,2633.449951171875,2717.489990234375,2553.800048828125,2648.050048828125,2639.780029296875,7.8784508704328395,7.179931640625,0.27187749953683227
2018-05-01,2642.9599609375,2742.239990234375,2594.6201171875,2705.27001953125,2680.7100423177085,7.8938369795775145,57.219970703125,2.16083418545836
2018-06-01,2718.699951171875,2791.469970703125,2691.989990234375,2718.3701171875,2733.943359375,7.913500299942372,13.10009765625,0.48424362676078303
2018-07-01,2704.949951171875,2848.030029296875,2698.949951171875,2816.2900390625,2787.7566731770835,7.932992491592793,97.919921875,3.602155617289915
2018-08-01,2821.169921875,2916.5,2796.340087890625,2901.52001953125,2871.453369140625,7.962573580973687,85.22998046875,3.0263211276748248
2018-09-01,2896.9599609375,2940.909912109375,2864.1201171875,2913.97998046875,2906.336669921875,7.974648690799604,12.4599609375,0.42942874264617625
2018-10-01,2926.2900390625,2939.860107421875,2603.5400390625,2711.739990234375,2751.71337890625,7.919979043522495,-202.239990234375,-6.94033560936963
2018-11-01,2717.580078125,2815.14990234375,2631.090087890625,2760.169921875,2735.469970703125,7.914058535817278,48.429931640625,1.7859356654779779
2018-12-01,2790.5,2800.179931640625,2346.580078125,2506.85009765625,2551.203369140625,7.8443204363051295,-253.31982421875,-9.177689467997252
2019-01-01,2476.9599609375,2708.949951171875,2443.9599609375,2704.10009765625,2619.0033365885415,7.870549118500234,197.25,7.868440166582613
2019-02-01,2702.320068359375,2813.489990234375,2681.830078125,2784.489990234375,2759.9366861979165,7.922963018664711,80.389892578125,2.9728889343927145
2019-03-01,2798.219970703125,2860.31005859375,2722.27001953125,2834.39990234375,2805.6599934895835,7.939394082076666,49.909912109375,1.7924256249588488
2019-04-01,2848.6298828125,2949.52001953125,2848.6298828125,2945.830078125,2914.6599934895835,7.977508451669261,111.43017578125,3.9313498313737982
2019-05-01,2952.330078125,2954.1298828125,2750.52001953125,2752.06005859375,2818.9033203125,7.944103194787263,-193.77001953125,-6.57777313668354
2019-06-01,2751.530029296875,2964.14990234375,2728.81005859375,2941.760009765625,2878.239990234375,7.964934271821461,189.699951171875,6.89301639982407
2019-07-01,2971.409912109375,3027.97998046875,2952.219970703125,2980.3798828125,2986.8599446614585,8.001977928821358,38.619873046875,1.3128152166957952
2019-08-01,2980.320068359375,3013.590087890625,2822.1201171875,2926.4599609375,2920.723388671875,7.979586600427402,-53.919921875,-1.8091627240523933
2019-09-01,2909.010009765625,3021.989990234375,2891.85009765625,2976.739990234375,2963.5266927083335,7.994135288343844,50.280029296875,1.7181177931020697
2019-10-01,2983.68994140625,3050.10009765625,2855.93994140625,3037.56005859375,2981.2000325520835,8.00008119392666,60.820068359375,2.0431770513684056
2019-11-01,3050.719970703125,3154.260009765625,3050.719970703125,3140.97998046875,3115.3199869791665,8.044087150497647,103.419921875,3.4047037714499906
2019-12-01,3143.85009765625,3247.929931640625,3070.330078125,3230.780029296875,3183.0133463541665,8.06558362028435,89.800048828125,2.858981890573009
2020-01-01,3244.669921875,3337.77001953125,3214.639892578125,3225.52001953125,3259.3099772135415,8.089270788525459,-5.260009765625,-0.16280928190489652
2020-02-01,3235.659912109375,3393.52001953125,2855.840087890625,2954.219970703125,3067.8600260416665,8.028735537600737,-271.300048828125,-8.411048363840312
2020-03-01,2974.280029296875,3136.719970703125,2191.860107421875,2584.590087890625,2637.723388671875,7.8776714713245,-369.6298828125,-12.511928240892821
2020-04-01,2498.080078125,2954.860107421875,2447.489990234375,2912.429931640625,2771.5933430989585,7.927177647924306,327.83984375,12.68440381652789
2020-05-01,2869.090087890625,3068.669921875,2766.639892578125,3044.31005859375,2959.873291015625,7.992901739312541,131.880126953125,4.528181966555822
2020-06-01,3038.780029296875,3233.1298828125,2965.659912109375,3100.2900390625,3099.6932779947915,8.039058442995772,55.97998046875,1.838839651392421
2020-07-01,3105.919921875,3279.989990234375,3101.169921875,3271.1201171875,3217.4266764322915,8.076337150222976,170.830078125,5.510132148044367
2020-08-01,3288.260009765625,3514.77001953125,3284.530029296875,3500.31005859375,3433.203369140625,8.141249031184788,229.18994140625,7.006466690171775
2020-09-01,3507.43994140625,3588.110107421875,3209.449951171875,3363,3386.8533528645835,8.127656554822435,-137.31005859375,-3.9227970178423055
2020-10-01,3385.8701171875,3549.85009765625,3233.93994140625,3269.9599609375,3351.25,8.117088689550169,-93.0400390625,-2.766578622137972
2020-11-01,3296.199951171875,3645.989990234375,3279.739990234375,3621.6298828125,3515.78662109375,8.165018568992418,351.669921875,10.75456354438591
2020-12-01,3645.8701171875,3760.199951171875,3633.39990234375,3756.070068359375,3716.556640625,8.220552884362682,134.440185546875,3.712145909357001
2021-01-01,3764.610107421875,3870.89990234375,3662.7099609375,3714.239990234375,3749.2832845052085,8.229319976565968,-41.830078125,-1.1136660755445171
2021-02-01,3731.169921875,3950.429931640625,3725.6201171875,3811.14990234375,3829.066650390625,8.250376358061402,96.909912109375,2.6091451377448394
2021-03-01,3842.510009765625,3994.409912109375,3723.340087890625,3972.889892578125,3896.8799641927085,8.26793150275826,161.739990234375,4.2438632533165155
2021-04-01,3992.780029296875,4218.77978515625,3992.780029296875,4181.169921875,4130.909912109375,8.326252979390725,208.280029296875,5.242532134755851
2021-05-01,4191.97998046875,4238.0400390625,4056.8798828125,4204.10986328125,4166.34326171875,8.334794014422412,22.93994140625,0.548648867060697
2021-06-01,4216.52001953125,4302.43017578125,4164.39990234375,4297.5,4254.776692708333,8.355797558480663,93.39013671875,2.2214009565834747
2021-07-01,4300.72998046875,4429.97021484375,4233.1298828125,4395.259765625,4352.78662109375,8.37857152153479,97.759765625,2.274805482838871
2021-08-01,4406.85986328125,4537.35986328125,4367.72998046875,4522.68017578125,4475.92333984375,8.406467942351222,127.42041015625,2.8990416255438634
2021-09-01,4528.7998046875,4545.85009765625,4305.91015625,4307.5400390625,4386.433430989583,8.386271745570367,-215.14013671875,-4.75691688019011
2021-10-01,4317.16015625,4608.080078125,4278.93994140625,4605.3798828125,4497.466634114583,8.411269547034431,297.83984375,6.914383640060651
2021-11-01,4610.6201171875,4743.830078125,4560,4567,4623.610026041667,8.43893106986695,-38.3798828125,-0.8333706184746159
2021-12-01,4602.81982421875,4808.93017578125,4495.1201171875,4766.18017578125,4690.076822916667,8.453204241458979,199.18017578125,4.361291346206486
2022-01-01,4778.14013671875,4818.6201171875,4222.6201171875,4515.5498046875,4518.930013020833,8.416030522020014,-250.63037109375,-5.258516502739385
2022-02-01,4519.56982421875,4595.31005859375,4114.64990234375,4373.93994140625,4361.299967447917,8.380525449574455,-141.60986328125,-3.1360491945908286
2022-03-01,4363.14013671875,4637.2998046875,4157.8701171875,4530.41015625,4441.860026041667,8.398828492485942,156.47021484375,3.5773288371546252
2022-04-01,4540.31982421875,4593.4501953125,4124.27978515625,4131.93017578125,4283.220052083333,8.362460354321092,-398.47998046875,-8.795671180434306
2022-05-01,4130.60986328125,4307.66015625,3810.320068359375,4132.14990234375,4083.376708984375,8.314679549856763,0.2197265625,0.005317770464463578
2022-06-01,4149.77978515625,4177.509765625,3636.8701171875,3785.3798828125,3866.5865885416665,8.26012737835198,-346.77001953125,-8.391999993382681
2022-07-01,3781,4140.14990234375,3721.56005859375,4130.2900390625,3997.3333333333335,8.293382751114324,344.91015625,9.111639173021002
2022-08-01,4112.3798828125,4325.27978515625,3954.530029296875,3955,4078.2699381510415,8.313428142703142,-175.2900390625,-4.244012827299837
2022-09-01,3936.72998046875,4119.27978515625,3584.1298828125,3585.6201171875,3763.0099283854165,8.232974429012868,-369.3798828125,-9.339567201327437
2022-10-01,3609.780029296875,3905.419921875,3491.580078125,3871.97998046875,3756.32666015625,8.231196806769107,286.35986328125,7.98634138370089
2022-11-01,3901.7900390625,4080.110107421875,3698.14990234375,4080.110107421875,3952.7900390625,8.282176947558344,208.130126953125,5.375289335249311
2022-12-01,4087.139892578125,4100.9599609375,3764.489990234375,3839.5,3901.6499837239585,8.269154815397428,-240.610107421875,-5.897147407473047
2023-01-01,3853.2900390625,4094.2099609375,3794.330078125,4076.60009765625,3988.3800455729165,8.291140423826315,237.10009765625,6.17528578346791
2023-02-01,4070.070068359375,4195.43994140625,3943.080078125,3970.14990234375,4036.2233072916665,8.303064708806064,-106.4501953125,-2.611249393181858
2023-03-01,3963.340087890625,4110.75,3808.860107421875,4109.31005859375,4009.6400553385415,8.296456754510825,139.16015625,3.505161257710898
2023-04-01,4102.2001953125,4170.06005859375,4049.35009765625,4169.47998046875,4129.630045572917,8.32594310459967,60.169921875,1.4642341662481018
2023-05-01,4166.7900390625,4231.10009765625,4048.280029296875,4179.830078125,4153.070068359375,8.331603115234003,10.35009765625,0.2482347368192972
2023-06-01,4183.02978515625,4458.47998046875,4171.64013671875,4450.3798828125,4360.166666666667,8.380265561912168,270.5498046875,6.472746490423464
2023-07-01,4450.47998046875,4607.06982421875,4385.0498046875,4588.9599609375,4527.026529947917,8.417820607800477,138.580078125,3.113893235501086
2023-08-01,4578.830078125,4584.6201171875,4335.31005859375,4507.66015625,4475.863444010417,8.406454560479027,-81.2998046875,-1.7716390070854016
2023-09-01,4530.60009765625,4541.25,4238.6298828125,4288.0498046875,4355.9765625,8.379304103528733,-219.6103515625,-4.871936746562488
2023-10-01,4284.52001953125,4393.56982421875,4103.77978515625,4193.7998046875,4230.383138020833,8.350047844302795,-94.25,-2.197968873798295
2023-11-01,4201.27001953125,4587.64013671875,4197.740234375,4567.7998046875,4451.06005859375,8.400897562205826,374,8.917926878197013
2023-12-01,4559.43017578125,4793.2998046875,4546.5,4769.830078125,4703.2099609375,8.456000524992227,202.0302734375,4.422923115636013
2024-01-01,4745.2001953125,4931.08984375,4682.10986328125,4845.64990234375,4819.616536458333,8.480449647128456,75.81982421875,1.5895707598991615
2024-02-01,4861.10986328125,5111.06005859375,4853.52001953125,5096.27001953125,5020.283365885417,8.521241658480214,250.6201171875,5.172064062372317
2024-03-01,5098.509765625,5264.85009765625,5056.81982421875,5254.35009765625,5192.006673177083,8.55487554366374,158.080078125,3.1018779915342964
2024-04-01,5257.97021484375,5263.9501953125,4953.56005859375,5035.68994140625,5084.400065104167,8.533932320225205,-218.66015625,-4.161507173789869
2024-05-01,5029.02978515625,5341.8798828125,5011.0498046875,5277.509765625,5210.146484375,8.558363250355045,241.81982421875,4.80211901511991
2024-06-01,5297.14990234375,5523.64013671875,5234.31982421875,5460.47998046875,5406.146647135417,8.59529185320458,182.97021484375,3.466980128308328
2024-07-01,5471.080078125,5669.669921875,5390.9501953125,5522.2998046875,5527.639973958333,8.617516235605608,61.81982421875,1.1321316887868749
2024-08-01,5537.83984375,5651.6201171875,5119.259765625,5648.39990234375,5473.09326171875,8.607599231327391,126.10009765625,2.2834706936630367
2024-09-01,5623.89013671875,5767.3701171875,5402.6201171875,5762.47998046875,5644.15673828125,8.638376083366914,114.080078125,2.0196884090601275
2024-10-01,5757.72998046875,5878.4599609375,5674,5705.4501953125,5752.63671875,8.657413588467598,-57.02978515625,-0.9896743303151712
2024-11-01,5723.22021484375,6044.169921875,5696.509765625,6032.3798828125,5924.353190104167,8.68682679381712,326.9296875,5.7301295482098835
2024-12-01,6040.10986328125,6099.97021484375,5832.2998046875,5881.6298828125,5937.966634114583,8.689122036263557,-150.75,-2.499013704848363
2025-01-01,5903.259765625,6128.18017578125,5773.31005859375,6040.52978515625,5980.67333984375,8.696288439242005,158.89990234375,2.70163042404441
2025-02-01,5969.64990234375,6147.43017578125,5837.66015625,5954.5,5979.863444010417,8.696153011234182,-86.02978515625,-1.4242092699825126
2025-03-01,5968.330078125,5986.08984375,5488.72998046875,5611.85009765625,5695.556640625,8.647441613093433,-342.64990234375,-5.754469768137538
2025-04-01,5597.52978515625,5695.31005859375,4835.0400390625,5569.06005859375,5366.470052083333,8.587925625375556,-42.7900390625,-0.7624943346289825
2025-05-01,5625.14013671875,5937.97021484375,5578.64013671875,5935.77001953125,5817.460123697917,8.668619040610267,366.7099609375,6.584772961311858
