Date,Year,Month,CAD_USD,USD_CAD,DX,NG,WTI,Corn,Barge,HO,UR_AB_CAD,UR_NOLA_USD,UR_NOLA_CAD,UR_BLK_USD,UR_BLK_CAD,UR_AB_USD,UR_SC_IPPI_PRD,FER_SC_IPPI_IND,FER_SC_IPPI_PRD
1/1/2000,2000,Jan,0.6915,1.4461,102.73,2.399,26.7,26.82,,0.7064,,,,77.4,,,32.6,32.2,
2/1/2000,2000,Feb,0.6896,1.4501,104.98,2.669,29.07,27.45,,0.7310,,,,90.13,,,33,32.5,
3/1/2000,2000,Mar,0.6874,1.4548,105.53,2.839,29.45,27.63,,0.7119,,,,88.75,,,33.4,32.8,
4/1/2000,2000,Apr,0.6781,1.4747,107.33,3.018,25.95,28.13,,0.6572,,,,83.25,,,33.5,33,
5/1/2000,2000,May,0.6685,1.4959,109.79,3.774,27.73,28.93,,0.6993,,,,91,,,33.5,32.9,
6/1/2000,2000,Jun,0.6755,1.4804,107.49,4.335,30.94,28.5,,0.7873,,,,105.13,,,33.5,33,
7/1/2000,2000,Jul,0.6747,1.4821,108.04,4.004,29.57,28.55,,0.7864,,,,121.7,,,33.7,33,
8/1/2000,2000,Aug,0.6768,1.4775,110.96,4.294,30.36,29.35,,0.8779,,,,133.38,,,33.7,33.2,
9/1/2000,2000,Sep,0.6685,1.4959,113.24,5.047,32.96,30.11,,0.9680,,,,113.88,,,33.8,33.4,
10/1/2000,2000,Oct,0.659,1.5175,115.28,4.994,32.72,30.61,,0.9761,,,,111.1,,,33.8,33.3,
11/1/2000,2000,Nov,0.6497,1.5392,116.03,5.593,33.61,30.95,,0.9815,,,,99.38,,,34.4,33.9,
12/1/2000,2000,Dec,0.6617,1.5113,112.29,8.241,30.07,30.68,,0.9191,,,,96,,,35.1,34.5,
1/1/2001,2001,Jan,0.6662,1.5011,110.07,7.681,28.73,29.98,,0.7957,,,,121,,,37.1,35.9,
2/1/2001,2001,Feb,0.6552,1.5263,111.34,5.747,28.83,29.82,,0.7405,,,,105.25,,,37.6,36.2,
3/1/2001,2001,Mar,0.6382,1.5669,114.56,5.21,27.14,30.49,,0.7014,,,,98.88,,,37.6,36.3,
4/1/2001,2001,Apr,0.6467,1.5463,116.41,4.995,27.34,30.9,,0.7293,,,,95.3,,,37.6,36.7,
5/1/2001,2001,May,0.6493,1.5401,117.18,4.243,28.51,30.9,,0.7707,,,,85,,,37.1,36.4,
6/1/2001,2001,Jun,0.6581,1.5195,119.19,3.622,27.37,31.25,,0.7567,,,,87.5,,,33.9,35,
7/1/2001,2001,Jul,0.6535,1.5302,118.74,3.179,26.37,31.03,,0.7150,,,,87.5,,,33.9,34,
8/1/2001,2001,Aug,0.6475,1.5444,115.13,2.886,27.06,30.05,,0.7435,,,,88.75,,,33.8,33.8,
9/1/2001,2001,Sep,0.6364,1.5713,113.94,2.252,25.22,29.6,,0.7267,,,,94.5,,,33.4,33.5,
10/1/2001,2001,Oct,0.6327,1.5805,114.6,2.773,22.37,29.9,,0.6432,,,,96.1,,,33.4,33.3,
11/1/2001,2001,Nov,0.6328,1.5803,115.59,2.898,20.01,30.18,,0.5784,,,,96.5,,,33.3,33.1,
12/1/2001,2001,Dec,0.6302,1.5868,116.62,2.675,19.64,30.38,,0.5528,,,,101.17,,,33.7,33.5,
1/1/2002,2002,Jan,0.6274,1.5939,118.55,2.272,19.81,30.76,,0.5440,,,,104.13,,,33.7,33.5,
2/1/2002,2002,Feb,0.6249,1.6003,119.64,2.253,20.54,31.03,,0.5484,,,,99.63,,,33.8,33.7,
3/1/2002,2002,Mar,0.6281,1.5921,118.73,2.884,24.03,30.96,,0.6228,,,,90.25,,,33.8,33.6,
4/1/2002,2002,Apr,0.6351,1.5746,117.05,3.471,26.35,30.68,,0.6781,,,,84.7,,,33.8,33.4,
5/1/2002,2002,May,0.649,1.5408,113.42,3.511,26.63,29.78,,0.6685,,,,85.5,,,33.8,33.6,
6/1/2002,2002,Jun,0.6565,1.5232,109.13,3.276,25.74,28.65,,0.6596,,,,92.75,,,33.8,33.5,
7/1/2002,2002,Jul,0.6377,1.5681,106.59,3.06,26.94,27.96,,0.6887,,,,94.2,,,34.4,33.7,
8/1/2002,2002,Aug,0.6379,1.5676,107.56,3.137,28.08,28.23,,0.7235,,,,105,,,34.4,33.7,
9/1/2002,2002,Sep,0.6335,1.5785,107.25,3.672,29.62,28.28,,0.7829,,,,93,,,34.4,33.8,
10/1/2002,2002,Oct,0.6379,1.5676,107.4,4.102,28.85,28.43,,0.7805,,,,92.25,,,34.7,34,
11/1/2002,2002,Nov,0.6377,1.5681,106.17,4.125,26.62,28.13,,0.7384,,,,92.25,,,35.2,34.5,
12/1/2002,2002,Dec,0.6379,1.5676,104.62,4.664,29.58,27.87,,0.8208,,,,99.38,,,35.2,34.5,
1/1/2003,2003,Jan,0.6518,1.5342,101.39,5.301,32.52,27.22,,0.8790,,,,112,,,35.6,35,
2/1/2003,2003,Feb,0.6686,1.4957,100.06,7.773,35.62,27.5,,0.9767,,,,132.13,,,36.3,36.1,
3/1/2003,2003,Mar,0.6788,1.4732,99.89,6.6,33,27.16,,0.8528,,,,138.9,,,40.2,38.8,
4/1/2003,2003,Apr,0.6907,1.4478,99.06,5.289,28.33,26.62,,0.7189,,,,118.63,,,40.2,39.2,
5/1/2003,2003,May,0.727,1.3755,95.11,5.825,27.65,25.76,,0.7172,,,,128.13,,,40.1,39.2,
6/1/2003,2003,Jun,0.7404,1.3506,94.21,5.9,30.18,25.55,,0.7681,,,,133.9,,,32.6,34.8,
7/1/2003,2003,Jul,0.7194,1.39,96.03,5.086,30.48,25.81,,0.7927,,,,142.75,,,32.6,34.8,
8/1/2003,2003,Aug,0.7187,1.3914,97.59,4.86,31.28,26.14,,0.8232,,,,141.5,,,32.6,34.6,
9/1/2003,2003,Sep,0.7353,1.36,95.81,4.725,29.63,25.66,,0.7896,,,,146.8,,,33.3,35,
10/1/2003,2003,Oct,0.7558,1.3231,92.71,4.981,29.78,24.94,,0.8194,,,,150.63,,,34.1,35.1,
11/1/2003,2003,Nov,0.7639,1.3091,91.9,4.889,30.39,24.72,,0.8369,,,,153.5,,,35.1,35.5,
12/1/2003,2003,Dec,0.7664,1.3048,88.68,5.875,31.59,24.16,,0.8896,,,,159.38,,,37,36.6,
1/1/2004,2004,Jan,0.7617,1.3129,86.94,6.174,33.52,23.8,9.3,0.9328,,,,160.25,,,37,36.7,
2/1/2004,2004,Feb,0.751,1.3316,86.92,5.429,34.45,23.61,8.57,0.8950,,,,134.5,,,37.2,37.1,
3/1/2004,2004,Mar,0.758,1.3193,88.03,5.608,36.29,23.93,7,0.9018,,,,130.5,,,37.2,37.2,
4/1/2004,2004,Apr,0.7379,1.3552,89.42,5.813,36.2,24.33,6.6,0.9017,,,,128.38,,,37.2,37.3,
5/1/2004,2004,May,0.7299,1.3701,90.22,6.226,39.09,24.64,7.32,0.9846,,,,135.9,,,37.2,37.6,
6/1/2004,2004,Jun,0.7437,1.3446,89.13,6.336,38.86,24.39,7.28,1.0169,,,,158.25,,,35.7,36.8,
7/1/2004,2004,Jul,0.7536,1.327,89.22,6.124,40.35,24.36,7.47,1.0965,,,,185,,,35.7,36.4,
8/1/2004,2004,Aug,0.7613,1.3135,89.25,5.549,44.13,24.22,10.23,1.1755,,,,196.2,,,37.2,37.3,
9/1/2004,2004,Sep,0.7845,1.2747,88.45,5.901,46.08,24.1,14.97,1.2648,,,,218.13,,,37.2,37.3,
10/1/2004,2004,Oct,0.8121,1.2314,86.54,7.785,51.57,24.09,17.57,1.4580,,,,242.13,,,39.4,38.5,
11/1/2004,2004,Nov,0.8383,1.1929,83.47,8.061,49.68,23.39,14.78,1.4297,,,,224.5,,,39.6,38.6,
12/1/2004,2004,Dec,0.828,1.2077,81.6,6.911,45.47,22.64,13.29,1.3327,,,,185.25,,,38.1,38.3,
1/1/2005,2005,Jan,0.8127,1.2305,82.5,6.196,45.58,22.68,14.37,1.2858,,,,184.6,,,38.1,38.4,
2/1/2005,2005,Feb,0.8085,1.2369,83.46,6.423,49.21,22.98,12.69,1.3626,,,,185.75,,,38.1,38.6,
3/1/2005,2005,Mar,0.8221,1.2164,83.19,7.166,53.86,23.1,13.66,1.5053,,,,217.13,,,39.6,39.6,
4/1/2005,2005,Apr,0.8024,1.2463,84.29,7.172,53.19,23.38,11.77,1.5284,,,,242.13,,,40.8,40.8,
5/1/2005,2005,May,0.7972,1.2544,85.95,6.442,50.14,23.61,11.46,1.4315,,,,256,,,42.6,41.9,
6/1/2005,2005,Jun,0.8063,1.2402,88.3,6.912,55.33,24.31,10.69,1.5655,,,,217.5,,,42.6,41.8,
7/1/2005,2005,Jul,0.8137,1.229,89.26,7.526,58.83,24.71,12.68,1.6900,,,,221.88,,,39.5,39.8,
8/1/2005,2005,Aug,0.8302,1.2045,88.21,9.893,65.2,25.03,15.51,1.9094,,,,208.5,250.94,,39.5,39.8,
9/1/2005,2005,Sep,0.8505,1.1758,88.11,12.637,66.8,25.69,27.9,2.0697,,,,210.38,247.81,,45.8,43.3,
10/1/2005,2005,Oct,0.8508,1.1754,89.53,13.224,62.93,26.2,32.42,1.9918,,,,215.5,253.66,,47.6,44.5,
11/1/2005,2005,Nov,0.8494,1.1773,90.86,12.093,58.66,26.24,17.79,1.7773,,,,235,277.55,,47.6,44.8,
12/1/2005,2005,Dec,0.861,1.1614,91.07,12.586,59.31,26.42,22.98,1.7641,,,,213.88,248.29,,47.6,44.9,
1/1/2006,2006,Jan,0.8657,1.1551,89.42,9.692,64.74,25.28,18.22,1.8185,,,,202.3,234.16,,44.2,42.9,
2/1/2006,2006,Feb,0.8749,1.143,89.65,8.111,63.94,24.94,19.6,1.7841,,,,213.88,245.67,,39.3,40,
3/1/2006,2006,Mar,0.868,1.1521,89.76,6.984,63.69,24.69,16.27,1.7967,,,,243.13,282.14,,39.2,39.9,
4/1/2006,2006,Apr,0.8737,1.1446,87.77,7.131,69.77,24.23,14.55,1.9614,,,,247.5,282.7,,39.3,39.8,
5/1/2006,2006,May,0.9012,1.1096,84.96,6.45,71.35,23.36,16.64,2.0192,,,,229.5,254.67,,39.2,39.8,
6/1/2006,2006,Jun,0.9004,1.1106,84.97,6.416,71.86,23.35,18.08,2.0202,,,,210,233.81,,39.2,39.8,
7/1/2006,2006,Jul,0.8898,1.1238,85.35,6.988,74.6,23.59,22.7,2.0800,,,,205.5,232.06,,32.2,35.8,
8/1/2006,2006,Aug,0.8938,1.1188,84.96,7.192,72.69,23.54,25.86,2.0750,,,,210.5,235.39,,32.2,35.9,
9/1/2006,2006,Sep,0.8978,1.1138,85.34,5.423,65.85,23.19,24.81,1.8879,,,,215.13,240.12,,33.1,36.6,
10/1/2006,2006,Oct,0.8897,1.124,85.72,6.632,60.35,23.59,25.07,1.7370,,,,209.2,236.1,,33.1,36.8,
11/1/2006,2006,Nov,0.8822,1.1335,84.1,8.193,60.09,23.58,21.03,1.7831,,,,227.38,258.23,,33.8,37.2,
12/1/2006,2006,Dec,0.8678,1.1523,83.15,7.38,61.99,23.14,15.24,1.7596,,,,251.67,290.06,,40.9,41.4,
1/1/2007,2007,Jan,0.853,1.1723,83.94,6.967,57.49,23.23,14.17,1.6343,,,,265,311.62,,45.6,44.8,
2/1/2007,2007,Feb,0.8531,1.1722,84.1,7.523,59.64,23.41,16.38,1.7085,,,,299.38,350.47,,49.2,47.5,
3/1/2007,2007,Mar,0.8594,1.1636,83.23,7.383,62.97,23.16,12.69,1.8021,,,,318.13,371.23,,53.8,50.6,
4/1/2007,2007,Apr,0.8842,1.131,82,7.723,64.95,22.93,10.5,1.8708,,,,291,329.81,,54,51.6,
5/1/2007,2007,May,0.9171,1.0904,81.78,7.872,64.18,22.91,11.61,1.8852,,,,293.13,320.89,,55.3,52.5,
6/1/2007,2007,Jun,0.9395,1.0644,82.21,7.372,67.44,22.9,16.21,1.9763,,,,291.88,310.97,,55.3,51.6,
7/1/2007,2007,Jul,0.9448,1.0584,80.97,6.379,74.15,22.34,18.63,2.0930,,,,269.5,283.07,,45.1,45.9,
8/1/2007,2007,Aug,0.9402,1.0636,80.84,6.013,74.85,22.21,26.13,2.0714,,,,260.63,275.95,,45.1,46,
9/1/2007,2007,Sep,0.9773,1.0232,79.27,6.15,78.24,21.86,33.61,2.1648,,,,305,312.24,,46.3,46.4,
10/1/2007,2007,Oct,1.0317,0.9693,77.34,7.576,87.48,21.73,26.23,2.3684,,,,323.75,315.73,,48,47.9,
11/1/2007,2007,Nov,1.0407,0.9609,76.08,7.892,92.9,21.49,19.12,2.5769,,,,366.25,354.78,,50.2,49.6,
12/1/2007,2007,Dec,1.0013,0.9987,76.57,7.268,92.13,21.46,17.76,2.5749,,,,401.67,403.26,,55.8,53.9,
1/1/2008,2008,Jan,0.9946,1.0054,76.05,7.907,93.5,21.49,17.72,2.5763,,,,376.63,381.3,,57.9,56.7,
2/1/2008,2008,Feb,1.0059,0.9941,74.98,8.627,95.62,21.4,23.17,2.6303,,,,328.13,327.83,,57.9,58,
3/1/2008,2008,Mar,0.9968,1.0032,72.66,9.612,103.42,21.07,21.2,2.8785,,,,371,371.75,,57.9,59.8,
4/1/2008,2008,Apr,0.9843,1.016,72.63,10.382,108.63,21.25,19.18,3.0357,,,,462.5,468.92,,57.7,61.8,
5/1/2008,2008,May,0.9988,1.0012,72.92,11.297,121.84,21.55,17.93,3.4951,,,,633.75,632.73,,72.4,71.3,
6/1/2008,2008,Jun,0.9901,1.01,73.06,12.556,133.23,21.9,25.06,3.8009,,,,642,652.74,,76.3,76.1,
7/1/2008,2008,Jul,0.9834,1.0169,72.87,11.249,132.99,21.53,23.78,3.7594,,,,733.75,743.07,,86.9,84.2,
8/1/2008,2008,Aug,0.9571,1.0448,75.5,8.571,119.87,21.52,23.5,3.3259,,,,785,827.7,,93.6,90.2,
9/1/2008,2008,Sep,0.9445,1.0588,78.28,7.719,109.45,22,28.18,3.0485,,,,744.5,787.9,,94.2,91.4,
10/1/2008,2008,Oct,0.8707,1.1485,83.27,7.057,83.45,23.09,31.03,2.4734,,,,575,681.23,,94.2,91.4,
11/1/2008,2008,Nov,0.8196,1.2201,86.69,6.654,60.46,23.85,28.7,1.9316,,,,287.5,350.18,,94.1,91.5,
12/1/2008,2008,Dec,0.8094,1.2355,84.02,6.017,46.56,23.02,21.62,1.5339,,,,240,296.28,,67.9,74.1,
1/1/2009,2009,Jan,0.8177,1.2229,84.51,5.142,42.14,22.92,23.71,1.4662,,,,273.75,335.7,,72.8,76.1,
2/1/2009,2009,Feb,0.8025,1.2461,87.04,4.327,41.34,23.35,16.55,1.3161,,,,281.25,350.2,,73.8,77,
3/1/2009,2009,Mar,0.7905,1.265,86.79,4.019,47.03,23.22,12.38,1.3232,,,,268.5,339.52,,75.6,78.1,
4/1/2009,2009,Apr,0.8151,1.2268,85.51,3.556,49.45,22.78,11.87,1.3754,,,,245.63,300.43,,75.5,78.5,
5/1/2009,2009,May,0.8774,1.1397,82.15,3.791,58.58,21.99,12.35,1.5188,,,,236.25,271.9,,75.5,77.5,
6/1/2009,2009,Jun,0.891,1.1223,79.98,3.91,68.68,21.48,12.63,1.7839,,,,239.7,270.15,,60.5,66.7,
7/1/2009,2009,Jul,0.8928,1.1201,79.58,3.658,67.52,21.31,12.81,1.7711,,,,243.75,273.16,,60.5,63.2,
8/1/2009,2009,Aug,0.9207,1.0861,78.4,3.366,69.87,20.94,14.13,1.8657,,,,251.5,273.68,,60.4,63.2,
9/1/2009,2009,Sep,0.9238,1.0825,77.52,3.802,69.67,20.83,17.28,1.8105,,,,232.25,251.35,,60.4,63.1,
10/1/2009,2009,Oct,0.9375,1.0667,76.54,4.855,74.36,20.85,20.87,1.9454,,,,234.88,247.76,,61,63.4,
11/1/2009,2009,Nov,0.9374,1.0668,75.78,4.832,76.94,20.65,22.24,2.0341,,,,243.5,258.01,,62.3,63.6,
12/1/2009,2009,Dec,0.9485,1.0543,76.54,5.215,76.33,20.94,17.37,2.0622,,,,262,276.25,,68.4,66.6,
1/1/2010,2010,Jan,0.9493,1.0534,78.61,5.501,77.23,21.53,18.18,2.0459,,,,266.5,277.94,,71.3,71.2,71.3
2/1/2010,2010,Feb,0.944,1.0593,80.08,5.12,75.63,21.8,16.01,1.9723,,,,297.5,314.4,,71.3,71.5,71.6
3/1/2010,2010,Mar,0.9683,1.0327,81,4.333,81.38,21.83,13.85,2.1078,,,,278.7,285.11,,71.3,71.5,71.6
4/1/2010,2010,Apr,0.9886,1.0115,81.55,3.998,84.28,21.89,13.15,2.2466,,,,253.75,255.07,,71.3,71.6,71.7
5/1/2010,2010,May,0.9632,1.0382,84.55,4.156,77.89,22.68,17.13,2.1462,,,,234,243.26,,71.3,71.6,71.7
6/1/2010,2010,Jun,0.9554,1.0467,86.79,4.595,74.62,23.35,13.93,2.0418,,,,226.25,234.83,,71.3,71.6,71.7
7/1/2010,2010,Jul,0.9559,1.0461,84.05,4.696,76.28,22.69,17.7,2.0377,,,,259.38,270.46,,54.2,61.1,61.3
8/1/2010,2010,Aug,0.9596,1.0421,82.16,4.358,76.15,22.13,20.45,2.0717,,,,263.5,274.54,,63.3,67.7,67.8
9/1/2010,2010,Sep,0.9576,1.0443,81,3.876,75.88,21.72,24.16,2.1423,,,,308.75,318.97,,68.8,73.7,73.9
10/1/2010,2010,Oct,0.9798,1.0206,77.83,3.797,81.24,20.91,26.46,2.2680,,,,332.5,338.48,,72.7,76.8,77
11/1/2010,2010,Nov,0.9825,1.0178,78.78,4.102,83.56,21.22,20.77,2.3274,,,,365.4,369.76,,76.7,79.1,79.3
12/1/2010,2010,Dec,0.9896,1.0105,80.27,4.297,87.68,21.64,24.84,2.4446,,,,380.63,383.84,,80,80.7,81
1/1/2011,2011,Jan,1.0038,0.9962,79.12,4.511,90.36,21.41,20.6,2.6316,,,,378.5,376.49,,80,86,86.2
2/1/2011,2011,Feb,1.0144,0.9858,77.61,4.181,94.11,20.95,25.62,2.8530,,,,297.5,293.75,,80,86.5,86.8
3/1/2011,2011,Mar,1.0245,0.9761,76.52,4.163,101.72,20.67,24.92,3.0336,,,,278.7,272.08,,80,86.6,87
4/1/2011,2011,Apr,1.0445,0.9574,74.82,4.45,110.01,20.32,19.9,3.2087,,,,253.75,243.17,,80,86.8,87.2
5/1/2011,2011,May,1.0418,0.9599,74.32,4.539,106.51,20.22,20.59,3.1095,,,,234,227.12,,80.3,86.7,87.1
6/1/2011,2011,Jun,1.0296,0.9713,74.82,4.542,97.76,20.34,20.74,2.9782,,,,478.75,467.62,,82.1,91.4,91.7
7/1/2011,2011,Jul,1.0426,0.9591,74.9,4.298,96.22,20.3,20.07,3.0270,,,,483.75,462.25,,89.4,93.4,93.6
8/1/2011,2011,Aug,1.0305,0.9704,74.37,4.05,89.83,20.11,19.06,3.0356,,,,475.5,467.15,,89.4,93.7,93.9
9/1/2011,2011,Sep,0.9885,1.0116,76.79,3.877,83.89,20.67,23.39,2.9335,,,,508.75,510.21,,93.3,96.8,97
10/1/2011,2011,Oct,0.9761,1.0245,77.76,3.75,85.43,20.88,24.07,2.9113,,,,493.5,503.63,,93.6,98.3,98.6
11/1/2011,2011,Nov,0.9837,1.0166,77.9,3.681,96.37,20.9,20.41,3.0476,,,,481.25,492.66,,93.7,98.4,98.7
12/1/2011,2011,Dec,0.9792,1.0212,79.59,3.303,98.58,21.22,17.34,2.9565,,,,423.13,433.35,,93.7,98.8,99
1/1/2012,2012,Jan,0.9874,1.0128,80.12,2.707,99.83,21.21,17.77,3.0023,,,,368,372.81,,93.8,98.1,98.4
2/1/2012,2012,Feb,1.0048,0.9952,79.16,2.539,102.71,20.92,18.63,3.1422,,,,375,373.74,,93.8,98.2,98.4
3/1/2012,2012,Mar,1.0065,0.9935,79.34,2.354,105.63,20.92,16.32,3.2124,,,,393.13,390.71,,95.5,98.7,98.9
4/1/2012,2012,Apr,1.0081,0.992,79.23,2.157,103.58,20.85,15.04,3.1818,,,,494.38,490.85,,124.6,116.4,116.4
5/1/2012,2012,May,0.9907,1.0094,80.99,2.432,95.93,21.36,15.62,2.9448,,,,513.13,517.17,,124.6,116.3,116.3
6/1/2012,2012,Jun,0.9733,1.0274,82.46,2.587,83.93,21.76,12.94,2.6698,,,,456.88,469.71,,123.3,115.2,115.2
7/1/2012,2012,Jul,0.9889,1.0112,82.59,3.002,86.94,21.9,16.65,2.7895,,,,307.5,311.8,,99.4,98.9,99
8/1/2012,2012,Aug,1.0045,0.9955,82.14,2.958,92.43,21.77,16.68,3.0139,,,,382.5,379.49,,98,98.2,98.3
9/1/2012,2012,Sep,1.0191,0.9813,80.38,3.026,94.49,21.35,26.49,3.1566,,,,384.38,375.98,,98.7,99,99.1
10/1/2012,2012,Oct,1.0104,0.9897,79.86,3.541,89.18,21.35,25.8,3.1117,,,,349,344.09,,98.7,99.2,99.3
11/1/2012,2012,Nov,1.0033,0.9967,80.4,3.664,87.22,21.52,27.16,3.0379,,,,383.5,382.42,,99.8,101,101.1
12/1/2012,2012,Dec,1.0085,0.9916,80.01,3.478,89.47,21.37,26.83,3.0285,,,,375.83,371.86,,100.4,102.3,102.3
1/1/2013,2013,Jan,1.0048,0.9952,79.75,3.346,94.76,21.27,17.47,3.0575,618.59,,,380,376.85,621.56,97.7,100.3,100.3
2/1/2013,2013,Feb,0.9872,1.013,80.69,3.373,94.8,21.52,15.08,3.0608,619.64,,,415.63,419.35,611.71,97.7,100.5,100.5
3/1/2013,2013,Mar,0.9765,1.0241,82.83,3.761,93.92,22.15,14.5,3.0353,620.01,,,395.63,405.44,605.44,100.9,103.1,103
4/1/2013,2013,Apr,0.9852,1.015,82.74,4.151,93.56,22.22,12.7,2.9219,624.14,,,365.63,372.67,614.9,99.7,103.1,103
5/1/2013,2013,May,0.9786,1.0219,82.99,4.163,93.08,22.29,13.32,2.8298,631.8,,,358.13,365.02,618.28,102.4,104.9,104.8
6/1/2013,2013,Jun,0.9624,1.0391,82.94,3.774,94.64,22.18,14.22,2.8537,629.45,,,329.38,339.4,605.78,100.5,101.3,101.2
7/1/2013,2013,Jul,0.9606,1.041,83.09,3.56,101.75,22.16,12.99,2.9763,612.15,,,312.5,324.67,588.03,85.5,89.2,89.3
8/1/2013,2013,Aug,0.9605,1.0411,82.1,3.454,106.84,21.89,16.05,3.0873,536.76,,,310.63,323.32,515.56,89,91,91
9/1/2013,2013,Sep,0.9623,1.0392,81.6,3.596,105.29,21.8,23.05,3.0474,531.5,,,301,311.4,511.46,85.2,88.1,88.1
10/1/2013,2013,Oct,0.9637,1.0377,80.27,3.622,99.76,21.47,28.11,2.9700,529.33,,,296.88,307.67,510.12,83.9,87.5,87.6
11/1/2013,2013,Nov,0.9508,1.0517,80.72,3.717,94.37,21.61,28.48,2.9741,538.14,,,305,319.66,511.66,88.2,89.2,89.3
12/1/2013,2013,Dec,0.9426,1.0609,80.35,4.143,96.11,21.62,26.29,3.0382,542.24,,,305,324.53,511.12,92.1,92.2,92.2
1/1/2014,2014,Jan,0.9187,1.0885,80.89,4.713,96.55,21.9,26.36,3.0012,559.57,,,330,361,514.08,107.8,105.2,105
2/1/2014,2014,Feb,0.9033,1.1071,80.56,5.098,100.01,21.92,27.66,2.9878,679,,,353.13,390.35,613.34,114.8,109.2,109.1
3/1/2014,2014,Mar,0.9023,1.1083,79.99,4.515,101.79,21.63,26.59,2.9669,702.5,,,327.5,363.99,633.87,120.8,113.3,113.2
4/1/2014,2014,Apr,0.9104,1.0984,79.99,4.564,101.28,21.64,17.7,2.9275,721,,,260,285.77,656.4,108.4,106.2,106.1
5/1/2014,2014,May,0.917,1.0905,79.88,4.614,101.42,21.63,16.85,2.9157,736.33,,,265,288.74,675.21,99.1,98,98
6/1/2014,2014,Jun,0.9277,1.0779,80.27,4.562,104.41,21.71,16.96,2.9503,747.8,,,288.75,313.39,693.73,95,94,94.1
7/1/2014,2014,Jul,0.9276,1.0781,80.7,4.125,101.83,21.71,20.74,2.9272,650.91,,,305,327.69,603.78,94.3,93.5,93.5
8/1/2014,2014,Aug,0.9175,1.0899,82.09,3.931,96.21,22.01,21.4,2.8694,622.5,,,311.25,340.11,571.14,93.9,92.9,92.9
9/1/2014,2014,Sep,0.9069,1.1027,84.46,4.027,93.33,22.62,35.15,2.7582,589.86,,,317.5,349.31,534.94,94.1,93.1,93.1
10/1/2014,2014,Oct,0.8906,1.1228,86.21,3.932,86.08,23.04,40.28,2.5732,591.41,,,317.5,355.89,526.71,95.4,94.8,94.8
11/1/2014,2014,Nov,0.8823,1.1334,87.76,4.143,73.35,23.48,32.89,2.3394,572.32,,,317.5,359.42,504.96,97.2,95.6,95.6
12/1/2014,2014,Dec,0.8692,1.1505,89.37,3.447,60.31,23.71,22.36,1.9976,562.42,,,308.13,354.93,488.86,98.8,97.6,97.7
1/1/2015,2015,Jan,0.8224,1.216,93.11,2.881,50.17,24.51,21.36,1.7389,605.1,,,305,370.37,497.63,99.9,103.3,103.4
2/1/2015,2015,Feb,0.7943,1.259,94.76,2.751,49.57,24.89,19.95,1.8202,632.52,,,305,381.42,502.41,102.2,105,105.2
3/1/2015,2015,Mar,0.7937,1.2599,97.3,2.711,47.89,25.52,18.68,1.8039,649.25,,,295.5,372.9,515.31,105,106.8,107
4/1/2015,2015,Apr,0.8101,1.2344,97.05,2.65,53.52,25.44,19.91,1.8401,652.05,,,260,320.61,528.23,103.9,106.3,106.5
5/1/2015,2015,May,0.8169,1.2241,95.74,2.779,59.8,25.14,17.99,1.9612,658.22,,,265,322.73,537.7,102.7,105,105.2
6/1/2015,2015,Jun,0.8062,1.2404,95.93,2.74,59.6,25.18,17.59,1.9083,639.16,,,288.75,356.92,515.29,104.2,104.8,105
7/1/2015,2015,Jul,0.7823,1.2783,96.77,2.782,52.94,25.4,17.77,1.7381,612.95,,,283.75,365.64,479.51,109.9,107.4,107.5
8/1/2015,2015,Aug,0.7614,1.3134,96.03,2.743,45.79,25.21,15.33,1.5978,570.75,,,274.63,361.08,434.57,108.7,109.3,109.4
9/1/2015,2015,Sep,0.7559,1.3229,95.86,2.629,46.32,25.14,24.05,1.6051,553,,,279.38,370.65,418.01,103.4,105,105.1
10/1/2015,2015,Oct,0.7613,1.3135,96.29,2.342,46.37,25.18,23.53,1.5433,554,,,250.63,327.64,421.76,101.8,104.4,104.6
11/1/2015,2015,Nov,0.756,1.3228,98.52,2.254,43.86,25.71,14.95,1.4615,551.23,,,263.63,349.96,416.73,100.3,103.2,103.3
12/1/2015,2015,Dec,0.7344,1.3617,99.2,2.16,38.75,25.86,13.07,1.2565,547.05,,,264,361.8,401.75,103.8,105.1,105.2
1/1/2016,2016,Jan,0.7107,1.4071,99.12,2.301,33.95,25.88,13.57,1.0778,549.65,,,233.88,332.3,390.64,106.8,106.6,106.7
2/1/2016,2016,Feb,0.7262,1.377,98.24,1.959,32.08,25.58,12.59,1.0710,547.09,,,191.88,264.72,397.3,108.1,106.4,106.5
3/1/2016,2016,Mar,0.7557,1.3233,96.42,1.826,36.88,25.08,11.28,1.1723,549.74,,,201.75,266.84,415.44,106.6,103.7,103.8
4/1/2016,2016,Apr,0.7805,1.2812,93.96,2.052,41.52,24.52,12.91,1.2710,553.39,,,196.25,251.56,431.92,95,97.5,97.7
5/1/2016,2016,May,0.7803,1.2816,94.18,2.158,47.06,24.6,11.67,1.4268,560.35,,,198.38,256.63,437.24,91.9,94.9,95.1
6/1/2016,2016,Jun,0.7721,1.2952,95.47,2.616,48.66,25.04,16.13,1.4995,527.95,,,142.63,183.71,407.63,75,83.4,83.5
7/1/2016,2016,Jul,0.7687,1.3009,96.1,2.858,44.98,25.26,19.22,1.4113,529.57,,,181,236.41,407.08,76.3,86.5,86.6
8/1/2016,2016,Aug,0.7679,1.3023,95.51,2.798,43.5,25.09,17.82,1.3936,497.23,,,186.25,241.91,381.82,80.4,88.3,88.3
9/1/2016,2016,Sep,0.7644,1.3082,95.54,2.887,45.99,25.12,20.77,1.4784,494,,,187.3,245.52,377.61,81.7,88.8,88.8
10/1/2016,2016,Oct,0.7553,1.324,97.08,2.981,48.37,25.54,19.29,1.5480,489.39,,,187.5,248.17,369.64,85.1,92.2,92.2
11/1/2016,2016,Nov,0.745,1.3423,99.49,3.061,47.08,26.16,13.85,1.5213,470.74,,,205,275.34,350.7,95.3,100.2,100.1
12/1/2016,2016,Dec,0.7471,1.3385,101.74,3.577,51.57,26.85,12.09,1.6566,484.14,,,217.75,290.25,361.7,93.5,98.5,98.3
1/1/2017,2017,Jan,0.7564,1.3221,101.38,3.338,53.24,26.7,15,1.6907,487.83,,,233.75,308.53,368.99,102.3,106.1,105.9
2/1/2017,2017,Feb,0.7602,1.3154,100.41,2.915,53.23,26.35,14.59,1.6438,500.05,,,191.88,251.46,380.14,102.5,106.1,105.9
3/1/2017,2017,Mar,0.7489,1.3353,100.66,2.983,51.5,26.43,13.22,1.5927,495.96,,,223.5,299.17,371.42,103.2,105.7,105.5
4/1/2017,2017,Apr,0.7426,1.3466,99.78,3.216,50.5,26.27,11.37,1.5627,500.86,,,207.88,279.4,371.94,98.8,102.4,102.2
5/1/2017,2017,May,0.7362,1.3583,98.06,3.203,48.31,25.84,12.77,1.5118,538.09,,,178.75,243.3,396.14,98.3,101.7,101.5
6/1/2017,2017,Jun,0.7556,1.3235,96.29,3.025,46.47,25.35,13.17,1.4797,534.95,,,191,254.57,404.21,98.8,99.8,99.6
7/1/2017,2017,Jul,0.7866,1.2713,94.25,2.91,47.63,24.8,13.98,1.5674,524.11,,,181,229.81,412.26,77.8,85.2,85.2
8/1/2017,2017,Aug,0.7972,1.2544,92.76,2.912,48.36,24.43,14.63,1.6785,495.3,,,192.63,242.87,394.85,77.9,85.4,85.5
9/1/2017,2017,Sep,0.8076,1.2382,92.49,3.021,49.54,24.39,20.07,1.7689,477.98,,,219,268.8,386.02,83.1,87.2,87.3
10/1/2017,2017,Oct,0.789,1.2674,93.76,2.918,52.49,24.68,22.78,1.8242,467.64,,,252.5,317.56,368.97,84.6,88.7,88.7
11/1/2017,2017,Nov,0.7788,1.284,93.73,2.99,56.25,24.7,16.15,1.8975,490.81,,,280,357.52,382.24,87.8,91.6,91.5
12/1/2017,2017,Dec,0.7858,1.2726,92.69,2.92,58.54,24.42,13.15,1.9792,487.98,,,214.63,274.39,383.45,91.2,94.6,94.6
1/1/2018,2018,Jan,0.8044,1.2432,90.37,3.108,62.92,23.88,16.85,2.0686,472,,,219.63,273.1,379.68,90.7,93.9,94
2/1/2018,2018,Feb,0.7965,1.2555,89.57,2.783,62.69,23.6,17.47,1.9637,466.58,,,232.5,292.34,371.63,92.3,95.2,95.2
3/1/2018,2018,Mar,0.7744,1.2913,89.97,2.694,63.25,23.68,23.28,1.9558,472.74,,,232.5,300.71,366.09,91.7,95.1,95.1
4/1/2018,2018,Apr,0.7811,1.2802,90.51,2.738,66.21,23.83,26.97,2.0733,488.09,,,230.63,293.51,381.25,92.1,94.8,94.9
5/1/2018,2018,May,0.7756,1.2893,93.04,2.85,68.56,24.49,21.78,2.1835,500.17,,,221.88,285.5,387.93,95.4,95.9,95.9
6/1/2018,2018,Jun,0.7645,1.308,94.19,2.95,69.82,24.8,23.26,2.1776,502.61,,,224,294.08,384.25,88.1,92.3,92.3
7/1/2018,2018,Jul,0.7631,1.3104,94.36,2.833,71.17,24.82,20.73,2.1585,493.61,,,252.5,331.5,376.67,83.1,88.8,88.9
8/1/2018,2018,Aug,0.7677,1.3026,95.15,2.857,68.29,25.02,25.27,2.1822,496.01,,,260,339.05,380.79,89.8,94.2,94.2
9/1/2018,2018,Sep,0.7685,1.3012,94.73,2.943,70.93,24.94,23.49,2.2900,520.52,,,267.5,348.91,400.02,92.4,97.8,97.9
10/1/2018,2018,Oct,0.7692,1.3001,95.77,3.159,70.08,25.25,23.32,2.3242,540.88,,,270,351.35,416.04,98.1,103.1,103.1
11/1/2018,2018,Nov,0.7567,1.3215,96.77,3.998,57.65,25.71,15.49,2.0256,551.03,,,305.6,403.35,416.96,97.9,102.6,102.7
12/1/2018,2018,Dec,0.7446,1.343,96.52,3.766,48.69,25.59,18.39,1.7756,551.89,,,276.67,370.71,410.94,100.9,105.6,105.6
1/1/2019,2019,Jan,0.7474,1.338,95.55,3.062,49.83,25.17,19.49,1.7801,569.5,,,260,345.89,425.64,101.1,104.9,104.9
2/1/2019,2019,Feb,0.759,1.3175,95.92,2.774,55.07,25.19,24.51,1.9497,563.68,,,250.63,330.97,427.83,101.6,104.6,104.6
3/1/2019,2019,Mar,0.7531,1.3278,96.46,2.755,58.15,25.32,23.37,1.9937,556.51,,,247.5,330.78,419.11,107,109.3,109.2
4/1/2019,2019,Apr,0.7472,1.3383,97.11,2.603,62.72,25.45,18.53,2.0391,560.17,,,247.5,331,418.56,106.4,109.3,109.3
5/1/2019,2019,May,0.7432,1.3455,97.49,2.543,58.47,25.53,19.16,1.9694,573.18,,,247.5,333.13,425.99,103.6,104.3,104.3
6/1/2019,2019,Jun,0.7521,1.3296,96.61,2.347,55.61,25.26,22.97,1.8792,550.78,,,247.5,328.87,414.24,103.5,103.3,103.3
7/1/2019,2019,Jul,0.7617,1.3129,97.06,2.29,58.38,25.36,23.11,1.9544,552.7,256.5,336.76,263.5,345.15,420.99,87.4,90.9,91
8/1/2019,2019,Aug,0.7544,1.3256,98.29,2.221,55.37,25.65,23.15,1.8784,540.57,255.5,338.69,262.5,348.51,407.81,89.2,92.5,92.6
9/1/2019,2019,Sep,0.7538,1.3266,98.72,2.399,56.32,25.8,18.36,1.8989,536.09,253,335.63,237.75,314.79,404.1,88.4,91.9,92
10/1/2019,2019,Oct,0.7578,1.3196,98.09,2.471,54.09,25.66,17.4,1.8904,545.79,231,304.83,237,312.64,413.6,89,92.6,92.7
11/1/2019,2019,Nov,0.7564,1.3221,97.69,2.523,55.53,25.57,17.56,1.8901,533.93,208.5,275.66,224.5,296.99,403.86,97.2,97.8,97.9
12/1/2019,2019,Dec,0.7615,1.3132,97.15,2.288,58.56,25.38,15.45,1.9616,536.72,228,299.41,217.5,286.88,408.71,100.7,100.8,100.8
1/1/2020,2020,Jan,0.763,1.3106,96.86,2.023,57.45,25.24,15.11,1.8475,532.2,222,290.95,215.4,281.77,406.07,100,100,100
2/1/2020,2020,Feb,0.7505,1.3324,98.09,1.801,48.53,25.49,13.68,1.5632,530.47,249.5,332.43,214.38,284.65,398.12,98,98.9,98.9
3/1/2020,2020,Mar,0.7223,1.3845,98.91,1.713,33.03,25.68,13.69,1.2440,524.68,258,357.2,231.13,322.23,378.98,101.7,102.4,102.6
4/1/2020,2020,Apr,0.7124,1.4037,99.47,1.772,6.94,25.84,13.83,0.9182,510.86,251.6,353.17,235,330.42,363.94,109.7,108.5,109
5/1/2020,2020,May,0.7195,1.3899,99,1.886,27.09,25.75,12.56,0.9563,510.86,187,259.91,201.9,281.92,367.56,111,109.8,110.4
6/1/2020,2020,Jun,0.7344,1.3617,97.41,1.719,37.6,25.31,13.07,1.1369,510.86,198,269.62,202,273.5,375.18,109.9,106.5,107
7/1/2020,2020,Jul,0.7412,1.3492,95.21,1.772,40.26,24.77,16.43,1.2275,497.03,224,302.22,214.4,289.27,368.4,85.9,89.4,89.3
8/1/2020,2020,Aug,0.756,1.3228,92.87,2.271,41.59,24.3,19.77,1.2473,493.94,232.5,307.55,249.5,330.16,373.42,91.6,93.1,93.2
9/1/2020,2020,Sep,0.7581,1.3191,93.15,2.435,40.65,24.42,23.11,1.1873,501.86,215.5,284.27,250.5,331.6,380.46,93,94.3,94.3
10/1/2020,2020,Oct,0.7532,1.3277,93.63,2.918,38.08,24.66,26.55,1.1290,495.12,224,297.4,245,323.76,372.92,95.5,96.5,96.6
11/1/2020,2020,Nov,0.7605,1.3149,92.94,3.044,40.12,24.51,25.97,1.2210,498.26,249.5,328.07,245,320.54,378.93,95.3,96.9,97
12/1/2020,2020,Dec,0.7778,1.2857,90.8,2.671,46.7,23.88,19.89,1.4306,538.08,253.5,325.92,245,313.92,418.52,96.2,98.2,98.3
1/1/2021,2021,Jan,0.7846,1.2745,90.14,2.626,50.43,23.71,19.92,1.5427,539.99,358.5,456.91,265,337.13,423.68,108.7,108.5,109
2/1/2021,2021,Feb,0.7866,1.2713,90.68,2.879,57.24,23.9,19.76,1.7317,566.83,360.5,458.3,335,425.4,445.87,121.2,121.6,122.7
3/1/2021,2021,Mar,0.794,1.2594,92.06,2.679,61.59,24.2,17.48,1.8320,591.15,365,459.68,352.88,443.46,469.37,131.9,129.4,130.9
4/1/2021,2021,Apr,0.8038,1.2441,92.07,2.74,61.54,24.21,16.09,1.8569,588.8,365,454.1,328.1,409.91,473.28,128.7,127.8,129.3
5/1/2021,2021,May,0.8212,1.2177,90.55,2.977,64.76,23.89,17.17,1.9880,575.78,396,482.21,331.63,402.79,472.83,128.6,128.7,130
6/1/2021,2021,Jun,0.8174,1.2234,91.08,3.378,70.25,24.12,14.11,2.1005,609.45,440,538.3,393.25,480.98,498.16,129.8,130.5,131.5
7/1/2021,2021,Jul,0.8005,1.2492,92.38,3.842,72.41,24.57,12.83,2.1258,606.56,422,527.16,441.5,553.99,485.55,133,133.8,135.1
8/1/2021,2021,Aug,0.7923,1.2621,92.59,4.153,69.53,24.7,17.28,2.1036,632.12,450,567.95,446.88,563.25,500.83,135.2,135.9,137.1
9/1/2021,2021,Sep,0.7892,1.2671,93.31,5.232,71.84,25.15,30.74,2.2295,645.91,538.6,682.46,418.75,531.25,509.75,147.2,147.3,148.9
10/1/2021,2021,Oct,0.7986,1.2522,94.07,5.673,79.58,25.45,27.89,2.4325,783.91,727.5,910.98,695,864.36,626.03,201.9,193.8,197.6
11/1/2021,2021,Nov,0.7945,1.2587,95.22,5.059,74.74,25.58,22.14,2.2642,1043,820,1032.13,900.5,1128.19,828.66,229,215,219.5
12/1/2021,2021,Dec,0.7846,1.2745,96.01,4.134,70.52,25.55,31.08,2.1996,1139.28,762.5,971.81,890,1138.25,893.88,232.6,218.8,223.7
1/1/2022,2022,Jan,0.7905,1.265,96.05,4.904,81.74,25.75,34.5,2.5257,1171.74,632.5,800.11,846.38,1067.71,926.26,229.4,224.7,229.2
2/1/2022,2022,Feb,0.7859,1.2724,96.57,4.693,92.74,25.83,32.95,2.7925,1149.4,671,853.78,744.17,946.51,903.31,226,223.6,228
3/1/2022,2022,Mar,0.792,1.2626,97.81,5.056,105.1,26.23,38.6,3.3433,1316.93,836.7,1056.42,872.5,1105.04,1043.01,247.9,240.7,245.7
4/1/2022,2022,Apr,0.79,1.2658,100.9,6.61,102.17,27.39,33.37,3.6219,1348.86,645,816.44,925,1168.28,1065.6,248.3,242.7,247.8
5/1/2022,2022,May,0.7815,1.2796,102.84,7.847,109.21,28.19,22.43,3.7999,1331.36,562.5,719.78,707.5,911.49,1040.46,254.2,248.4,253.7
6/1/2022,2022,Jun,0.7827,1.2776,103.36,7.179,111.59,28.15,21.08,3.9962,1073.47,495.5,633.05,690,880.03,840.2,258.9,243.7,248.6
7/1/2022,2022,Jul,0.7742,1.2917,105.99,7.252,101.66,28.83,20.02,3.6453,991.3,595,768.56,601,777.67,767.46,254.3,229.6,233.3
8/1/2022,2022,Aug,0.7721,1.2952,107.09,8.649,93.1,29.45,21.58,3.5834,1027.85,620.69,803.92,591.25,763.46,793.6,197.8,190.9,193
9/1/2022,2022,Sep,0.7448,1.3426,110.83,7.937,83.74,30.21,41.44,3.3848,1091.43,617.5,829.06,678,903.12,812.9,214.7,208.7,212
10/1/2022,2022,Oct,0.7285,1.3727,111.7,6.273,85.52,30.02,92.33,3.6328,1157.56,535,734.39,636.25,871.7,843.28,221.1,214.6,218.2
11/1/2022,2022,Nov,0.74,1.3514,108.88,6.605,83.52,29.39,57.83,3.5436,1161.45,467.5,631.78,588.75,792.35,859.47,211.7,209,212
12/1/2022,2022,Dec,0.74,1.3514,104.46,5.758,78.62,28.08,42.4,3.2228,1050.77,460,621.64,519.38,706.27,777.57,218.8,208.2,210.6
1/1/2023,2023,Jan,0.7431,1.3457,103.03,3.521,78.95,27.16,32.72,3.2447,1012.59,360,484.45,443.75,595.81,752.46,195.3,191.7,193.5
2/1/2023,2023,Feb,0.7425,1.3468,103.19,2.558,77.26,26.96,24.24,2.9432,959.37,322.5,434.34,357.5,480.53,712.33,175.3,178.1,179.3
3/1/2023,2023,Mar,0.7337,1.363,103.65,2.489,74.4,27.06,24.2,2.7241,858.86,313.5,427.3,313.5,428.97,630.15,153.3,161.1,161.7
4/1/2023,2023,Apr,0.7403,1.3508,101.71,2.243,78.63,26.51,22.85,2.5556,773.95,336.75,454.88,313.38,422.62,572.96,136.7,151.1,151.6
5/1/2023,2023,May,0.7396,1.3521,102.7,2.345,71.05,26.78,13.49,2.2980,798.18,295,398.87,329.25,444.89,590.33,147.9,160.8,161.8
6/1/2023,2023,Jun,0.7476,1.3376,103.15,2.507,70.03,26.94,11.16,2.3749,783.81,304.5,407.3,287.5,382.14,585.98,144.9,153.2,154
7/1/2023,2023,Jul,0.756,1.3228,101.69,2.655,75.99,26.61,15.29,2.7017,690.83,419,554.25,334.63,442.19,522.27,116.8,137.9,139.5
8/1/2023,2023,Aug,0.7475,1.3378,102.8,2.714,81.94,26.9,20.33,3.1030,762.5,371.7,497.26,385.63,519.95,569.97,136.1,152.1,154.3
9/1/2023,2023,Sep,0.7386,1.3539,104.79,2.798,88.23,27.42,37.67,3.2698,780.21,390,528.02,380,514.81,576.26,141.4,158.8,161.5
10/1/2023,2023,Oct,0.7287,1.3723,106.14,3.246,86.13,27.87,31.83,3.1152,814.38,357.5,490.6,411.38,563.95,593.44,151.3,163.5,166.2
11/1/2023,2023,Nov,0.729,1.3717,104.83,3.17,78.26,27.53,22.01,2.8756,802.39,326.5,447.86,385.5,528.87,584.94,152.4,161.7,164.4
12/1/2023,2023,Dec,0.7463,1.3399,102.23,2.601,72.93,26.73,17.98,2.6371,745.83,310,415.37,354,476.89,556.61,140.5,157.8,160.7
1/1/2024,2024,Jan,0.7484,1.3362,102.21,2.534,74.03,26.71,19.7,2.6628,726.88,354.5,473.68,335.38,450.21,544,138.5,155.7,158.4
2/1/2024,2024,Feb,0.7409,1.3497,103.77,1.984,76.36,26.96,19.41,2.7119,724.44,357.8,482.92,351.25,474.22,536.74,147.3,163.1,166.2
3/1/2024,2024,Mar,0.7386,1.3539,103.77,1.776,80.52,26.91,16.78,2.6330,768.83,378.5,512.45,330,446.69,567.86,146.5,164.1,167.2
4/1/2024,2024,Apr,0.7321,1.3659,105.08,1.83,83.41,27.25,14.06,2.6048,794.78,308.43,421.28,320,437.98,581.86,145,161.4,164.5
5/1/2024,2024,May,0.7302,1.3695,105.3,2.345,79.05,27.44,14.9,2.4551,807.75,290.11,397.31,284.8,389.51,589.82,144,162.8,166.1
6/1/2024,2024,Jun,0.7312,1.3676,104.85,2.782,78.43,27.43,14.58,2.4364,832.72,303.38,414.9,336.25,460.81,608.88,143.7,162.6,165.9
7/1/2024,2024,Jul,0.7281,1.3734,104.58,2.268,79.62,27.24,17.23,2.5046,709.48,303.66,417.05,342.5,469.77,516.57,119.4,139.8,141.9
8/1/2024,2024,Aug,0.7316,1.3669,102.53,2.083,75.94,26.68,23.62,2.3693,686.35,308.09,421.13,342.5,467.57,502.13,117.9,139.7,141.7
9/1/2024,2024,Sep,0.7397,1.3519,100.97,2.523,70.35,26.4,35,2.2044,677.06,315.82,426.96,337.5,457.18,500.82,122.9,145,147.5
10/1/2024,2024,Oct,0.7291,1.3716,102.33,2.708,70.62,26.78,37.83,2.2343,686.45,327.23,448.83,374.75,514.52,500.49,124,146.3,148.8
11/1/2024,2024,Nov,0.7152,1.3982,105.25,3.036,69.48,27.6,26.42,2.2419,707.35,314.03,439.08,352.3,492.14,505.9,133,153.6,156.7
12/1/2024,2024,Dec,0.7039,1.4207,106.97,3.508,69.68,28.15,23.36,2.2447,720.27,324.63,461.2,352,499.03,507,138.5,159.1,162.8
1/1/2025,2025,Jan,0.6926,1.4438,108.33,3.515,74.24,28.5,23.71,2.4434,757.1,348.82,503.63,380.5,547.48,524.37,138.6,159.5,163.2
2/1/2025,2025,Feb,0.6887,1.452,108.14,3.675,71.86,28.49,25.16,2.3618,797.28,393.3,571.07,436.5,623.79,549.09,152.1,171,175.7
3/1/2025,2025,Mar,0.6941,1.4407,105.35,4.122,69.62,27.9,26.73,2.2792,816.67,387.01,557.57,394.5,566.43,566.85,158.5,174,179
4/1/2025,2025,Apr,0.71,1.4085,101.22,3.63,64.25,26.74,24.66,2.1479,867.94,404.59,569.87,386.88,541.47,616.24,161.6,180.3,185.8
5/1/2025,2025,May,0.7242,1.3808,99.78,3.435,59.61,26.33,21,2.0427,894.05,465.96,643.4,392,543.94,647.47,169.7,184.3,189.9
6/1/2025,2025,Jun,0.7315,1.3671,97.89,3.576,66.42,25.89,19.86,2.2734,1037.65,372.08,508.67,420.5,574.94,759.04,168.2,184,189.8
7/1/2025,2025,Jul,0.729,1.3717,98.01,3.29,67.35,25.85,24.66,2.3794,,417.38,572.52,,,,153.2,170.4,174.9
8/1/2025,2025,Aug,0.7241,1.381,98.75,2.967,66.22,25.96,26.44,2.3146,,447.51,618.01,,,,,,
9/1/2025,2025,Sep,0.7257,1.378,97.21,3.003,63.82,25.58,30.86,2.3071,,406.88,560.68,,,,,,
